solid ASCII
  facet normal -1.000000e+00 0.000000e+00 0.000000e+00
    outer loop
      vertex   1.500000e+00 1.500000e+00 6.000000e+00
      vertex   1.500000e+00 1.500000e+00 6.000000e+01
      vertex   1.500000e+00 4.500000e+00 6.000000e+00
    endloop
  endfacet
  facet normal -1.000000e+00 0.000000e+00 0.000000e+00
    outer loop
      vertex   1.500000e+00 4.500000e+00 6.000000e+00
      vertex   1.500000e+00 1.500000e+00 6.000000e+01
      vertex   1.500000e+00 4.500000e+00 6.000000e+01
    endloop
  endfacet
  facet normal -1.000000e+00 0.000000e+00 0.000000e+00
    outer loop
      vertex   1.435000e+02 1.500000e+00 5.850000e+01
      vertex   1.435000e+02 1.500000e+00 6.300000e+01
      vertex   1.435000e+02 4.500000e+00 5.850000e+01
    endloop
  endfacet
  facet normal -1.000000e+00 0.000000e+00 0.000000e+00
    outer loop
      vertex   1.435000e+02 4.500000e+00 5.850000e+01
      vertex   1.435000e+02 1.500000e+00 6.300000e+01
      vertex   1.435000e+02 4.500000e+00 6.300000e+01
    endloop
  endfacet
  facet normal 0.000000e+00 0.000000e+00 -1.000000e+00
    outer loop
      vertex   1.670000e+02 1.500000e+00 5.850000e+01
      vertex   1.435000e+02 1.500000e+00 5.850000e+01
      vertex   1.670000e+02 4.500000e+00 5.850000e+01
    endloop
  endfacet
  facet normal -0.000000e+00 0.000000e+00 -1.000000e+00
    outer loop
      vertex   1.670000e+02 4.500000e+00 5.850000e+01
      vertex   1.435000e+02 1.500000e+00 5.850000e+01
      vertex   1.435000e+02 4.500000e+00 5.850000e+01
    endloop
  endfacet
  facet normal 0.000000e+00 0.000000e+00 1.000000e+00
    outer loop
      vertex   1.450000e+02 1.500000e+00 6.000000e+01
      vertex   1.685000e+02 1.500000e+00 6.000000e+01
      vertex   1.450000e+02 4.500000e+00 6.000000e+01
    endloop
  endfacet
  facet normal -0.000000e+00 0.000000e+00 1.000000e+00
    outer loop
      vertex   1.450000e+02 4.500000e+00 6.000000e+01
      vertex   1.685000e+02 1.500000e+00 6.000000e+01
      vertex   1.685000e+02 4.500000e+00 6.000000e+01
    endloop
  endfacet
  facet normal 0.000000e+00 1.000000e+00 0.000000e+00
    outer loop
      vertex   1.450000e+02 1.500000e+00 6.000000e+01
      vertex   1.696751e+02 1.500000e+00 6.277302e+01
      vertex   1.685000e+02 1.500000e+00 6.000000e+01
    endloop
  endfacet
  facet normal 0.000000e+00 1.000000e+00 0.000000e+00
    outer loop
      vertex   1.685000e+02 1.500000e+00 6.000000e+01
      vertex   1.696751e+02 1.500000e+00 6.277302e+01
      vertex   1.698547e+02 1.500000e+00 6.219658e+01
    endloop
  endfacet
  facet normal 0.000000e+00 1.000000e+00 0.000000e+00
    outer loop
      vertex   1.685000e+02 1.500000e+00 6.000000e+01
      vertex   1.698547e+02 1.500000e+00 6.219658e+01
      vertex   1.699635e+02 1.500000e+00 6.160268e+01
    endloop
  endfacet
  facet normal 0.000000e+00 1.000000e+00 0.000000e+00
    outer loop
      vertex   1.696751e+02 1.500000e+00 6.277302e+01
      vertex   1.450000e+02 1.500000e+00 6.000000e+01
      vertex   1.650000e+02 1.500000e+00 6.600000e+01
    endloop
  endfacet
  facet normal 0.000000e+00 1.000000e+00 0.000000e+00
    outer loop
      vertex   1.650000e+02 1.500000e+00 6.600000e+01
      vertex   1.450000e+02 1.500000e+00 6.000000e+01
      vertex   1.450000e+02 1.500000e+00 6.450000e+01
    endloop
  endfacet
  facet normal 0.000000e+00 1.000000e+00 0.000000e+00
    outer loop
      vertex   1.650000e+02 1.500000e+00 6.600000e+01
      vertex   1.450000e+02 1.500000e+00 6.450000e+01
      vertex   5.000000e+00 1.500000e+00 6.600000e+01
    endloop
  endfacet
  facet normal 0.000000e+00 1.000000e+00 0.000000e+00
    outer loop
      vertex   5.000000e+00 1.500000e+00 6.600000e+01
      vertex   1.450000e+02 1.500000e+00 6.450000e+01
      vertex   2.500000e+01 1.500000e+00 6.450000e+01
    endloop
  endfacet
  facet normal 0.000000e+00 1.000000e+00 0.000000e+00
    outer loop
      vertex   5.000000e+00 1.500000e+00 6.600000e+01
      vertex   2.500000e+01 1.500000e+00 6.450000e+01
      vertex   2.500000e+01 1.500000e+00 6.000000e+01
    endloop
  endfacet
  facet normal 0.000000e+00 1.000000e+00 0.000000e+00
    outer loop
      vertex   5.000000e+00 1.500000e+00 6.600000e+01
      vertex   2.500000e+01 1.500000e+00 6.000000e+01
      vertex   3.249188e-01 1.500000e+00 6.277302e+01
    endloop
  endfacet
  facet normal 0.000000e+00 1.000000e+00 0.000000e+00
    outer loop
      vertex   3.249188e-01 1.500000e+00 6.277302e+01
      vertex   2.500000e+01 1.500000e+00 6.000000e+01
      vertex   1.500000e+00 1.500000e+00 6.000000e+01
    endloop
  endfacet
  facet normal 0.000000e+00 1.000000e+00 0.000000e+00
    outer loop
      vertex   3.249188e-01 1.500000e+00 6.277302e+01
      vertex   1.500000e+00 1.500000e+00 6.000000e+01
      vertex   1.452909e-01 1.500000e+00 6.219658e+01
    endloop
  endfacet
  facet normal 0.000000e+00 1.000000e+00 0.000000e+00
    outer loop
      vertex   1.452909e-01 1.500000e+00 6.219658e+01
      vertex   1.500000e+00 1.500000e+00 6.000000e+01
      vertex   3.645563e-02 1.500000e+00 6.160268e+01
    endloop
  endfacet
  facet normal 0.000000e+00 1.000000e+00 0.000000e+00
    outer loop
      vertex   3.645563e-02 1.500000e+00 6.160268e+01
      vertex   1.500000e+00 1.500000e+00 6.000000e+01
      vertex   0.000000e+00 1.500000e+00 6.100000e+01
    endloop
  endfacet
  facet normal 0.000000e+00 1.000000e+00 0.000000e+00
    outer loop
      vertex   0.000000e+00 1.500000e+00 6.100000e+01
      vertex   1.500000e+00 1.500000e+00 6.000000e+01
      vertex   1.500000e+00 1.500000e+00 6.000000e+00
    endloop
  endfacet
  facet normal 0.000000e+00 1.000000e+00 0.000000e+00
    outer loop
      vertex   0.000000e+00 1.500000e+00 6.100000e+01
      vertex   1.500000e+00 1.500000e+00 6.000000e+00
      vertex   0.000000e+00 1.500000e+00 5.000000e+00
    endloop
  endfacet
  facet normal -0.000000e+00 1.000000e+00 0.000000e+00
    outer loop
      vertex   0.000000e+00 1.500000e+00 5.000000e+00
      vertex   1.500000e+00 1.500000e+00 6.000000e+00
      vertex   3.645563e-02 1.500000e+00 4.397317e+00
    endloop
  endfacet
  facet normal -0.000000e+00 1.000000e+00 0.000000e+00
    outer loop
      vertex   3.645563e-02 1.500000e+00 4.397317e+00
      vertex   1.500000e+00 1.500000e+00 6.000000e+00
      vertex   1.452909e-01 1.500000e+00 3.803422e+00
    endloop
  endfacet
  facet normal -0.000000e+00 1.000000e+00 0.000000e+00
    outer loop
      vertex   1.452909e-01 1.500000e+00 3.803422e+00
      vertex   1.500000e+00 1.500000e+00 6.000000e+00
      vertex   3.249188e-01 1.500000e+00 3.226976e+00
    endloop
  endfacet
  facet normal 0.000000e+00 1.000000e+00 0.000000e+00
    outer loop
      vertex   3.249188e-01 1.500000e+00 3.226976e+00
      vertex   1.500000e+00 1.500000e+00 6.000000e+00
      vertex   2.500000e+01 1.500000e+00 6.000000e+00
    endloop
  endfacet
  facet normal -0.000000e+00 1.000000e+00 0.000000e+00
    outer loop
      vertex   3.249188e-01 1.500000e+00 3.226976e+00
      vertex   2.500000e+01 1.500000e+00 6.000000e+00
      vertex   5.000000e+00 1.500000e+00 0.000000e+00
    endloop
  endfacet
  facet normal 0.000000e+00 1.000000e+00 0.000000e+00
    outer loop
      vertex   5.000000e+00 1.500000e+00 0.000000e+00
      vertex   2.500000e+01 1.500000e+00 6.000000e+00
      vertex   2.500000e+01 1.500000e+00 1.500000e+00
    endloop
  endfacet
  facet normal 0.000000e+00 1.000000e+00 0.000000e+00
    outer loop
      vertex   5.000000e+00 1.500000e+00 0.000000e+00
      vertex   2.500000e+01 1.500000e+00 1.500000e+00
      vertex   1.450000e+02 1.500000e+00 1.500000e+00
    endloop
  endfacet
  facet normal 0.000000e+00 1.000000e+00 0.000000e+00
    outer loop
      vertex   5.000000e+00 1.500000e+00 0.000000e+00
      vertex   1.450000e+02 1.500000e+00 1.500000e+00
      vertex   1.650000e+02 1.500000e+00 0.000000e+00
    endloop
  endfacet
  facet normal 0.000000e+00 1.000000e+00 0.000000e+00
    outer loop
      vertex   1.650000e+02 1.500000e+00 0.000000e+00
      vertex   1.450000e+02 1.500000e+00 1.500000e+00
      vertex   1.450000e+02 1.500000e+00 6.000000e+00
    endloop
  endfacet
  facet normal 0.000000e+00 1.000000e+00 -0.000000e+00
    outer loop
      vertex   1.650000e+02 1.500000e+00 0.000000e+00
      vertex   1.450000e+02 1.500000e+00 6.000000e+00
      vertex   1.696751e+02 1.500000e+00 3.226976e+00
    endloop
  endfacet
  facet normal 0.000000e+00 1.000000e+00 0.000000e+00
    outer loop
      vertex   1.696751e+02 1.500000e+00 3.226976e+00
      vertex   1.450000e+02 1.500000e+00 6.000000e+00
      vertex   1.685000e+02 1.500000e+00 6.000000e+00
    endloop
  endfacet
  facet normal 0.000000e+00 1.000000e+00 -0.000000e+00
    outer loop
      vertex   1.696751e+02 1.500000e+00 3.226976e+00
      vertex   1.685000e+02 1.500000e+00 6.000000e+00
      vertex   1.698547e+02 1.500000e+00 3.803422e+00
    endloop
  endfacet
  facet normal 0.000000e+00 1.000000e+00 -0.000000e+00
    outer loop
      vertex   1.698547e+02 1.500000e+00 3.803422e+00
      vertex   1.685000e+02 1.500000e+00 6.000000e+00
      vertex   1.699635e+02 1.500000e+00 4.397317e+00
    endloop
  endfacet
  facet normal 0.000000e+00 1.000000e+00 -0.000000e+00
    outer loop
      vertex   1.699635e+02 1.500000e+00 4.397317e+00
      vertex   1.685000e+02 1.500000e+00 6.000000e+00
      vertex   1.700000e+02 1.500000e+00 5.000000e+00
    endloop
  endfacet
  facet normal 0.000000e+00 1.000000e+00 0.000000e+00
    outer loop
      vertex   1.700000e+02 1.500000e+00 5.000000e+00
      vertex   1.685000e+02 1.500000e+00 6.000000e+00
      vertex   1.685000e+02 1.500000e+00 6.000000e+01
    endloop
  endfacet
  facet normal 0.000000e+00 1.000000e+00 -0.000000e+00
    outer loop
      vertex   1.700000e+02 1.500000e+00 5.000000e+00
      vertex   1.685000e+02 1.500000e+00 6.000000e+01
      vertex   1.700000e+02 1.500000e+00 6.100000e+01
    endloop
  endfacet
  facet normal 0.000000e+00 1.000000e+00 0.000000e+00
    outer loop
      vertex   1.700000e+02 1.500000e+00 6.100000e+01
      vertex   1.685000e+02 1.500000e+00 6.000000e+01
      vertex   1.699635e+02 1.500000e+00 6.160268e+01
    endloop
  endfacet
  facet normal -0.000000e+00 1.000000e+00 -0.000000e+00
    outer loop
      vertex   4.397317e+00 1.500000e+00 3.645563e-02
      vertex   3.803422e+00 1.500000e+00 1.452909e-01
      vertex   5.000000e+00 1.500000e+00 0.000000e+00
    endloop
  endfacet
  facet normal 0.000000e+00 1.000000e+00 0.000000e+00
    outer loop
      vertex   5.000000e+00 1.500000e+00 0.000000e+00
      vertex   3.803422e+00 1.500000e+00 1.452909e-01
      vertex   3.226976e+00 1.500000e+00 3.249188e-01
    endloop
  endfacet
  facet normal 0.000000e+00 1.000000e+00 0.000000e+00
    outer loop
      vertex   5.000000e+00 1.500000e+00 0.000000e+00
      vertex   3.226976e+00 1.500000e+00 3.249188e-01
      vertex   2.676384e+00 1.500000e+00 5.727199e-01
    endloop
  endfacet
  facet normal -0.000000e+00 1.000000e+00 -0.000000e+00
    outer loop
      vertex   2.676384e+00 1.500000e+00 5.727199e-01
      vertex   2.159676e+00 1.500000e+00 8.850807e-01
      vertex   5.000000e+00 1.500000e+00 0.000000e+00
    endloop
  endfacet
  facet normal 0.000000e+00 1.000000e+00 0.000000e+00
    outer loop
      vertex   5.000000e+00 1.500000e+00 0.000000e+00
      vertex   2.159676e+00 1.500000e+00 8.850807e-01
      vertex   1.684387e+00 1.500000e+00 1.257446e+00
    endloop
  endfacet
  facet normal 0.000000e+00 1.000000e+00 0.000000e+00
    outer loop
      vertex   5.000000e+00 1.500000e+00 0.000000e+00
      vertex   1.684387e+00 1.500000e+00 1.257446e+00
      vertex   1.257446e+00 1.500000e+00 1.684387e+00
    endloop
  endfacet
  facet normal -0.000000e+00 1.000000e+00 -0.000000e+00
    outer loop
      vertex   1.257446e+00 1.500000e+00 1.684387e+00
      vertex   8.850807e-01 1.500000e+00 2.159676e+00
      vertex   5.000000e+00 1.500000e+00 0.000000e+00
    endloop
  endfacet
  facet normal 0.000000e+00 1.000000e+00 0.000000e+00
    outer loop
      vertex   5.000000e+00 1.500000e+00 0.000000e+00
      vertex   8.850807e-01 1.500000e+00 2.159676e+00
      vertex   5.727199e-01 1.500000e+00 2.676384e+00
    endloop
  endfacet
  facet normal 0.000000e+00 1.000000e+00 0.000000e+00
    outer loop
      vertex   5.000000e+00 1.500000e+00 0.000000e+00
      vertex   5.727199e-01 1.500000e+00 2.676384e+00
      vertex   3.249188e-01 1.500000e+00 3.226976e+00
    endloop
  endfacet
  facet normal 0.000000e+00 1.000000e+00 0.000000e+00
    outer loop
      vertex   3.249188e-01 1.500000e+00 6.277302e+01
      vertex   5.727199e-01 1.500000e+00 6.332362e+01
      vertex   5.000000e+00 1.500000e+00 6.600000e+01
    endloop
  endfacet
  facet normal 0.000000e+00 1.000000e+00 0.000000e+00
    outer loop
      vertex   5.000000e+00 1.500000e+00 6.600000e+01
      vertex   5.727199e-01 1.500000e+00 6.332362e+01
      vertex   8.850807e-01 1.500000e+00 6.384032e+01
    endloop
  endfacet
  facet normal 0.000000e+00 1.000000e+00 0.000000e+00
    outer loop
      vertex   5.000000e+00 1.500000e+00 6.600000e+01
      vertex   8.850807e-01 1.500000e+00 6.384032e+01
      vertex   1.257446e+00 1.500000e+00 6.431561e+01
    endloop
  endfacet
  facet normal 0.000000e+00 1.000000e+00 0.000000e+00
    outer loop
      vertex   1.257446e+00 1.500000e+00 6.431561e+01
      vertex   1.684387e+00 1.500000e+00 6.474255e+01
      vertex   5.000000e+00 1.500000e+00 6.600000e+01
    endloop
  endfacet
  facet normal 0.000000e+00 1.000000e+00 0.000000e+00
    outer loop
      vertex   5.000000e+00 1.500000e+00 6.600000e+01
      vertex   1.684387e+00 1.500000e+00 6.474255e+01
      vertex   2.159676e+00 1.500000e+00 6.511492e+01
    endloop
  endfacet
  facet normal 0.000000e+00 1.000000e+00 0.000000e+00
    outer loop
      vertex   5.000000e+00 1.500000e+00 6.600000e+01
      vertex   2.159676e+00 1.500000e+00 6.511492e+01
      vertex   2.676384e+00 1.500000e+00 6.542728e+01
    endloop
  endfacet
  facet normal 0.000000e+00 1.000000e+00 0.000000e+00
    outer loop
      vertex   2.676384e+00 1.500000e+00 6.542728e+01
      vertex   3.226976e+00 1.500000e+00 6.567508e+01
      vertex   5.000000e+00 1.500000e+00 6.600000e+01
    endloop
  endfacet
  facet normal 0.000000e+00 1.000000e+00 0.000000e+00
    outer loop
      vertex   5.000000e+00 1.500000e+00 6.600000e+01
      vertex   3.226976e+00 1.500000e+00 6.567508e+01
      vertex   3.803422e+00 1.500000e+00 6.585471e+01
    endloop
  endfacet
  facet normal 0.000000e+00 1.000000e+00 0.000000e+00
    outer loop
      vertex   5.000000e+00 1.500000e+00 6.600000e+01
      vertex   3.803422e+00 1.500000e+00 6.585471e+01
      vertex   4.397317e+00 1.500000e+00 6.596354e+01
    endloop
  endfacet
  facet normal 0.000000e+00 1.000000e+00 0.000000e+00
    outer loop
      vertex   1.656027e+02 1.500000e+00 6.596354e+01
      vertex   1.661966e+02 1.500000e+00 6.585471e+01
      vertex   1.650000e+02 1.500000e+00 6.600000e+01
    endloop
  endfacet
  facet normal 0.000000e+00 1.000000e+00 0.000000e+00
    outer loop
      vertex   1.650000e+02 1.500000e+00 6.600000e+01
      vertex   1.661966e+02 1.500000e+00 6.585471e+01
      vertex   1.667730e+02 1.500000e+00 6.567508e+01
    endloop
  endfacet
  facet normal 0.000000e+00 1.000000e+00 0.000000e+00
    outer loop
      vertex   1.650000e+02 1.500000e+00 6.600000e+01
      vertex   1.667730e+02 1.500000e+00 6.567508e+01
      vertex   1.673236e+02 1.500000e+00 6.542728e+01
    endloop
  endfacet
  facet normal 0.000000e+00 1.000000e+00 0.000000e+00
    outer loop
      vertex   1.673236e+02 1.500000e+00 6.542728e+01
      vertex   1.678403e+02 1.500000e+00 6.511492e+01
      vertex   1.650000e+02 1.500000e+00 6.600000e+01
    endloop
  endfacet
  facet normal 0.000000e+00 1.000000e+00 0.000000e+00
    outer loop
      vertex   1.650000e+02 1.500000e+00 6.600000e+01
      vertex   1.678403e+02 1.500000e+00 6.511492e+01
      vertex   1.683156e+02 1.500000e+00 6.474255e+01
    endloop
  endfacet
  facet normal 0.000000e+00 1.000000e+00 0.000000e+00
    outer loop
      vertex   1.650000e+02 1.500000e+00 6.600000e+01
      vertex   1.683156e+02 1.500000e+00 6.474255e+01
      vertex   1.687426e+02 1.500000e+00 6.431561e+01
    endloop
  endfacet
  facet normal 0.000000e+00 1.000000e+00 0.000000e+00
    outer loop
      vertex   1.687426e+02 1.500000e+00 6.431561e+01
      vertex   1.691149e+02 1.500000e+00 6.384032e+01
      vertex   1.650000e+02 1.500000e+00 6.600000e+01
    endloop
  endfacet
  facet normal 0.000000e+00 1.000000e+00 0.000000e+00
    outer loop
      vertex   1.650000e+02 1.500000e+00 6.600000e+01
      vertex   1.691149e+02 1.500000e+00 6.384032e+01
      vertex   1.694273e+02 1.500000e+00 6.332362e+01
    endloop
  endfacet
  facet normal 0.000000e+00 1.000000e+00 0.000000e+00
    outer loop
      vertex   1.650000e+02 1.500000e+00 6.600000e+01
      vertex   1.694273e+02 1.500000e+00 6.332362e+01
      vertex   1.696751e+02 1.500000e+00 6.277302e+01
    endloop
  endfacet
  facet normal 0.000000e+00 1.000000e+00 0.000000e+00
    outer loop
      vertex   1.696751e+02 1.500000e+00 3.226976e+00
      vertex   1.694273e+02 1.500000e+00 2.676384e+00
      vertex   1.650000e+02 1.500000e+00 0.000000e+00
    endloop
  endfacet
  facet normal 0.000000e+00 1.000000e+00 0.000000e+00
    outer loop
      vertex   1.650000e+02 1.500000e+00 0.000000e+00
      vertex   1.694273e+02 1.500000e+00 2.676384e+00
      vertex   1.691149e+02 1.500000e+00 2.159676e+00
    endloop
  endfacet
  facet normal 0.000000e+00 1.000000e+00 0.000000e+00
    outer loop
      vertex   1.650000e+02 1.500000e+00 0.000000e+00
      vertex   1.691149e+02 1.500000e+00 2.159676e+00
      vertex   1.687426e+02 1.500000e+00 1.684387e+00
    endloop
  endfacet
  facet normal 0.000000e+00 1.000000e+00 0.000000e+00
    outer loop
      vertex   1.687426e+02 1.500000e+00 1.684387e+00
      vertex   1.683156e+02 1.500000e+00 1.257446e+00
      vertex   1.650000e+02 1.500000e+00 0.000000e+00
    endloop
  endfacet
  facet normal 0.000000e+00 1.000000e+00 0.000000e+00
    outer loop
      vertex   1.650000e+02 1.500000e+00 0.000000e+00
      vertex   1.683156e+02 1.500000e+00 1.257446e+00
      vertex   1.678403e+02 1.500000e+00 8.850807e-01
    endloop
  endfacet
  facet normal 0.000000e+00 1.000000e+00 0.000000e+00
    outer loop
      vertex   1.650000e+02 1.500000e+00 0.000000e+00
      vertex   1.678403e+02 1.500000e+00 8.850807e-01
      vertex   1.673236e+02 1.500000e+00 5.727199e-01
    endloop
  endfacet
  facet normal 0.000000e+00 1.000000e+00 0.000000e+00
    outer loop
      vertex   1.673236e+02 1.500000e+00 5.727199e-01
      vertex   1.667730e+02 1.500000e+00 3.249188e-01
      vertex   1.650000e+02 1.500000e+00 0.000000e+00
    endloop
  endfacet
  facet normal 0.000000e+00 1.000000e+00 0.000000e+00
    outer loop
      vertex   1.650000e+02 1.500000e+00 0.000000e+00
      vertex   1.667730e+02 1.500000e+00 3.249188e-01
      vertex   1.661966e+02 1.500000e+00 1.452909e-01
    endloop
  endfacet
  facet normal 0.000000e+00 1.000000e+00 0.000000e+00
    outer loop
      vertex   1.650000e+02 1.500000e+00 0.000000e+00
      vertex   1.661966e+02 1.500000e+00 1.452909e-01
      vertex   1.656027e+02 1.500000e+00 3.645563e-02
    endloop
  endfacet
  facet normal 0.000000e+00 0.000000e+00 -1.000000e+00
    outer loop
      vertex   2.650000e+01 1.500000e+00 5.850000e+01
      vertex   3.000000e+00 1.500000e+00 5.850000e+01
      vertex   2.650000e+01 4.500000e+00 5.850000e+01
    endloop
  endfacet
  facet normal -0.000000e+00 0.000000e+00 -1.000000e+00
    outer loop
      vertex   2.650000e+01 4.500000e+00 5.850000e+01
      vertex   3.000000e+00 1.500000e+00 5.850000e+01
      vertex   3.000000e+00 4.500000e+00 5.850000e+01
    endloop
  endfacet
  facet normal 1.000000e+00 -0.000000e+00 0.000000e+00
    outer loop
      vertex   2.650000e+01 1.500000e+00 6.300000e+01
      vertex   2.650000e+01 1.500000e+00 5.850000e+01
      vertex   2.650000e+01 4.500000e+00 6.300000e+01
    endloop
  endfacet
  facet normal 1.000000e+00 0.000000e+00 0.000000e+00
    outer loop
      vertex   2.650000e+01 4.500000e+00 6.300000e+01
      vertex   2.650000e+01 1.500000e+00 5.850000e+01
      vertex   2.650000e+01 4.500000e+00 5.850000e+01
    endloop
  endfacet
  facet normal 0.000000e+00 0.000000e+00 1.000000e+00
    outer loop
      vertex   1.500000e+00 1.500000e+00 6.000000e+01
      vertex   2.500000e+01 1.500000e+00 6.000000e+01
      vertex   1.500000e+00 4.500000e+00 6.000000e+01
    endloop
  endfacet
  facet normal -0.000000e+00 0.000000e+00 1.000000e+00
    outer loop
      vertex   1.500000e+00 4.500000e+00 6.000000e+01
      vertex   2.500000e+01 1.500000e+00 6.000000e+01
      vertex   2.500000e+01 4.500000e+00 6.000000e+01
    endloop
  endfacet
  facet normal 0.000000e+00 0.000000e+00 -1.000000e+00
    outer loop
      vertex   1.435000e+02 1.500000e+00 6.300000e+01
      vertex   2.650000e+01 1.500000e+00 6.300000e+01
      vertex   1.435000e+02 4.500000e+00 6.300000e+01
    endloop
  endfacet
  facet normal -0.000000e+00 0.000000e+00 -1.000000e+00
    outer loop
      vertex   1.435000e+02 4.500000e+00 6.300000e+01
      vertex   2.650000e+01 1.500000e+00 6.300000e+01
      vertex   2.650000e+01 4.500000e+00 6.300000e+01
    endloop
  endfacet
  facet normal 0.000000e+00 0.000000e+00 -1.000000e+00
    outer loop
      vertex   1.435000e+02 4.500000e+00 6.300000e+01
      vertex   2.650000e+01 4.500000e+00 6.300000e+01
      vertex   1.450000e+02 8.500000e+00 6.300000e+01
    endloop
  endfacet
  facet normal -0.000000e+00 0.000000e+00 -1.000000e+00
    outer loop
      vertex   1.450000e+02 8.500000e+00 6.300000e+01
      vertex   2.650000e+01 4.500000e+00 6.300000e+01
      vertex   2.500000e+01 8.500000e+00 6.300000e+01
    endloop
  endfacet
  facet normal 0.000000e+00 -0.000000e+00 -1.000000e+00
    outer loop
      vertex   2.500000e+01 8.500000e+00 6.300000e+01
      vertex   2.650000e+01 4.500000e+00 6.300000e+01
      vertex   2.500000e+01 4.500000e+00 6.300000e+01
    endloop
  endfacet
  facet normal 0.000000e+00 -0.000000e+00 -1.000000e+00
    outer loop
      vertex   1.450000e+02 8.500000e+00 6.300000e+01
      vertex   1.450000e+02 4.500000e+00 6.300000e+01
      vertex   1.435000e+02 4.500000e+00 6.300000e+01
    endloop
  endfacet
  facet normal 0.000000e+00 0.000000e+00 1.000000e+00
    outer loop
      vertex   1.435000e+02 1.500000e+00 7.500000e+00
      vertex   1.670000e+02 1.500000e+00 7.500000e+00
      vertex   1.435000e+02 4.500000e+00 7.500000e+00
    endloop
  endfacet
  facet normal -0.000000e+00 0.000000e+00 1.000000e+00
    outer loop
      vertex   1.435000e+02 4.500000e+00 7.500000e+00
      vertex   1.670000e+02 1.500000e+00 7.500000e+00
      vertex   1.670000e+02 4.500000e+00 7.500000e+00
    endloop
  endfacet
  facet normal -1.000000e+00 0.000000e+00 0.000000e+00
    outer loop
      vertex   1.435000e+02 1.500000e+00 3.000000e+00
      vertex   1.435000e+02 1.500000e+00 7.500000e+00
      vertex   1.435000e+02 4.500000e+00 3.000000e+00
    endloop
  endfacet
  facet normal -1.000000e+00 0.000000e+00 0.000000e+00
    outer loop
      vertex   1.435000e+02 4.500000e+00 3.000000e+00
      vertex   1.435000e+02 1.500000e+00 7.500000e+00
      vertex   1.435000e+02 4.500000e+00 7.500000e+00
    endloop
  endfacet
  facet normal -2.645638e-16 0.000000e+00 -1.000000e+00
    outer loop
      vertex   1.685000e+02 1.500000e+00 6.000000e+00
      vertex   1.450000e+02 1.500000e+00 6.000000e+00
      vertex   1.685000e+02 4.500000e+00 6.000000e+00
    endloop
  endfacet
  facet normal -2.645638e-16 0.000000e+00 -1.000000e+00
    outer loop
      vertex   1.685000e+02 4.500000e+00 6.000000e+00
      vertex   1.450000e+02 1.500000e+00 6.000000e+00
      vertex   1.450000e+02 4.500000e+00 6.000000e+00
    endloop
  endfacet
  facet normal -3.795634e-17 0.000000e+00 1.000000e+00
    outer loop
      vertex   2.650000e+01 1.500000e+00 3.000000e+00
      vertex   1.435000e+02 1.500000e+00 3.000000e+00
      vertex   2.650000e+01 4.500000e+00 3.000000e+00
    endloop
  endfacet
  facet normal -3.795634e-17 0.000000e+00 1.000000e+00
    outer loop
      vertex   2.650000e+01 4.500000e+00 3.000000e+00
      vertex   1.435000e+02 1.500000e+00 3.000000e+00
      vertex   1.435000e+02 4.500000e+00 3.000000e+00
    endloop
  endfacet
  facet normal -3.795634e-17 -1.423363e-17 1.000000e+00
    outer loop
      vertex   2.650000e+01 4.500000e+00 3.000000e+00
      vertex   1.435000e+02 4.500000e+00 3.000000e+00
      vertex   2.500000e+01 8.500000e+00 3.000000e+00
    endloop
  endfacet
  facet normal -3.700743e-17 1.387779e-17 1.000000e+00
    outer loop
      vertex   2.500000e+01 8.500000e+00 3.000000e+00
      vertex   1.435000e+02 4.500000e+00 3.000000e+00
      vertex   1.450000e+02 8.500000e+00 3.000000e+00
    endloop
  endfacet
  facet normal 0.000000e+00 0.000000e+00 1.000000e+00
    outer loop
      vertex   1.450000e+02 8.500000e+00 3.000000e+00
      vertex   1.435000e+02 4.500000e+00 3.000000e+00
      vertex   1.450000e+02 4.500000e+00 3.000000e+00
    endloop
  endfacet
  facet normal 0.000000e+00 0.000000e+00 1.000000e+00
    outer loop
      vertex   2.500000e+01 8.500000e+00 3.000000e+00
      vertex   2.500000e+01 4.500000e+00 3.000000e+00
      vertex   2.650000e+01 4.500000e+00 3.000000e+00
    endloop
  endfacet
  facet normal 1.000000e+00 -0.000000e+00 0.000000e+00
    outer loop
      vertex   2.650000e+01 1.500000e+00 7.500000e+00
      vertex   2.650000e+01 1.500000e+00 3.000000e+00
      vertex   2.650000e+01 4.500000e+00 7.500000e+00
    endloop
  endfacet
  facet normal 1.000000e+00 0.000000e+00 0.000000e+00
    outer loop
      vertex   2.650000e+01 4.500000e+00 7.500000e+00
      vertex   2.650000e+01 1.500000e+00 3.000000e+00
      vertex   2.650000e+01 4.500000e+00 3.000000e+00
    endloop
  endfacet
  facet normal 0.000000e+00 0.000000e+00 1.000000e+00
    outer loop
      vertex   3.000000e+00 1.500000e+00 7.500000e+00
      vertex   2.650000e+01 1.500000e+00 7.500000e+00
      vertex   3.000000e+00 4.500000e+00 7.500000e+00
    endloop
  endfacet
  facet normal -0.000000e+00 0.000000e+00 1.000000e+00
    outer loop
      vertex   3.000000e+00 4.500000e+00 7.500000e+00
      vertex   2.650000e+01 1.500000e+00 7.500000e+00
      vertex   2.650000e+01 4.500000e+00 7.500000e+00
    endloop
  endfacet
  facet normal 2.267690e-16 0.000000e+00 -1.000000e+00
    outer loop
      vertex   2.500000e+01 1.500000e+00 6.000000e+00
      vertex   1.500000e+00 1.500000e+00 6.000000e+00
      vertex   2.500000e+01 4.500000e+00 6.000000e+00
    endloop
  endfacet
  facet normal 2.267690e-16 0.000000e+00 -1.000000e+00
    outer loop
      vertex   2.500000e+01 4.500000e+00 6.000000e+00
      vertex   1.500000e+00 1.500000e+00 6.000000e+00
      vertex   1.500000e+00 4.500000e+00 6.000000e+00
    endloop
  endfacet
  facet normal -1.000000e+00 0.000000e+00 0.000000e+00
    outer loop
      vertex   7.900000e+01 8.000000e+00 6.450000e+01
      vertex   7.900000e+01 7.000000e+00 6.450000e+01
      vertex   7.900000e+01 7.992404e+00 6.458682e+01
    endloop
  endfacet
  facet normal -1.000000e+00 -0.000000e+00 0.000000e+00
    outer loop
      vertex   7.900000e+01 7.992404e+00 6.458682e+01
      vertex   7.900000e+01 7.000000e+00 6.450000e+01
      vertex   7.900000e+01 7.007596e+00 6.458682e+01
    endloop
  endfacet
  facet normal -1.000000e+00 0.000000e+00 1.688031e-13
    outer loop
      vertex   7.900000e+01 7.992404e+00 6.458682e+01
      vertex   7.900000e+01 7.007596e+00 6.458682e+01
      vertex   7.900000e+01 7.969846e+00 6.467101e+01
    endloop
  endfacet
  facet normal -1.000000e+00 0.000000e+00 1.688031e-13
    outer loop
      vertex   7.900000e+01 7.969846e+00 6.467101e+01
      vertex   7.900000e+01 7.007596e+00 6.458682e+01
      vertex   7.900000e+01 7.030154e+00 6.467101e+01
    endloop
  endfacet
  facet normal -1.000000e+00 0.000000e+00 0.000000e+00
    outer loop
      vertex   7.900000e+01 7.969846e+00 6.467101e+01
      vertex   7.900000e+01 7.030154e+00 6.467101e+01
      vertex   7.900000e+01 7.933013e+00 6.475000e+01
    endloop
  endfacet
  facet normal -1.000000e+00 -0.000000e+00 0.000000e+00
    outer loop
      vertex   7.900000e+01 7.933013e+00 6.475000e+01
      vertex   7.900000e+01 7.030154e+00 6.467101e+01
      vertex   7.900000e+01 7.066987e+00 6.475000e+01
    endloop
  endfacet
  facet normal -1.000000e+00 0.000000e+00 1.990488e-13
    outer loop
      vertex   7.900000e+01 7.933013e+00 6.475000e+01
      vertex   7.900000e+01 7.066987e+00 6.475000e+01
      vertex   7.900000e+01 7.883022e+00 6.482139e+01
    endloop
  endfacet
  facet normal -1.000000e+00 0.000000e+00 1.990488e-13
    outer loop
      vertex   7.900000e+01 7.883022e+00 6.482139e+01
      vertex   7.900000e+01 7.066987e+00 6.475000e+01
      vertex   7.900000e+01 7.116978e+00 6.482139e+01
    endloop
  endfacet
  facet normal -1.000000e+00 0.000000e+00 0.000000e+00
    outer loop
      vertex   7.900000e+01 7.883022e+00 6.482139e+01
      vertex   7.900000e+01 7.116978e+00 6.482139e+01
      vertex   7.900000e+01 7.821394e+00 6.488302e+01
    endloop
  endfacet
  facet normal -1.000000e+00 -0.000000e+00 0.000000e+00
    outer loop
      vertex   7.900000e+01 7.821394e+00 6.488302e+01
      vertex   7.900000e+01 7.116978e+00 6.482139e+01
      vertex   7.900000e+01 7.178606e+00 6.488302e+01
    endloop
  endfacet
  facet normal -1.000000e+00 0.000000e+00 0.000000e+00
    outer loop
      vertex   7.900000e+01 7.821394e+00 6.488302e+01
      vertex   7.900000e+01 7.178606e+00 6.488302e+01
      vertex   7.900000e+01 7.750000e+00 6.493301e+01
    endloop
  endfacet
  facet normal -1.000000e+00 -0.000000e+00 0.000000e+00
    outer loop
      vertex   7.900000e+01 7.750000e+00 6.493301e+01
      vertex   7.900000e+01 7.178606e+00 6.488302e+01
      vertex   7.900000e+01 7.250000e+00 6.493301e+01
    endloop
  endfacet
  facet normal -1.000000e+00 0.000000e+00 0.000000e+00
    outer loop
      vertex   7.900000e+01 7.750000e+00 6.493301e+01
      vertex   7.900000e+01 7.250000e+00 6.493301e+01
      vertex   7.900000e+01 7.671010e+00 6.496985e+01
    endloop
  endfacet
  facet normal -1.000000e+00 -0.000000e+00 0.000000e+00
    outer loop
      vertex   7.900000e+01 7.671010e+00 6.496985e+01
      vertex   7.900000e+01 7.250000e+00 6.493301e+01
      vertex   7.900000e+01 7.328990e+00 6.496985e+01
    endloop
  endfacet
  facet normal -1.000000e+00 0.000000e+00 6.299817e-13
    outer loop
      vertex   7.900000e+01 7.671010e+00 6.496985e+01
      vertex   7.900000e+01 7.328990e+00 6.496985e+01
      vertex   7.900000e+01 7.586824e+00 6.499240e+01
    endloop
  endfacet
  facet normal -1.000000e+00 8.183705e-14 -3.054200e-13
    outer loop
      vertex   7.900000e+01 7.586824e+00 6.499240e+01
      vertex   7.900000e+01 7.328990e+00 6.496985e+01
      vertex   7.900000e+01 7.413176e+00 6.499240e+01
    endloop
  endfacet
  facet normal -1.000000e+00 8.183705e-14 -9.354018e-13
    outer loop
      vertex   7.900000e+01 7.586824e+00 6.499240e+01
      vertex   7.900000e+01 7.413176e+00 6.499240e+01
      vertex   7.900000e+01 7.500000e+00 6.500000e+01
    endloop
  endfacet
  facet normal 1.744556e-14 9.961947e-01 8.715574e-02
    outer loop
      vertex   7.900000e+01 7.992404e+00 6.458682e+01
      vertex   8.071429e+01 7.992404e+00 6.458682e+01
      vertex   7.900000e+01 8.000000e+00 6.450000e+01
    endloop
  endfacet
  facet normal 1.455449e-14 9.961947e-01 8.715574e-02
    outer loop
      vertex   7.900000e+01 8.000000e+00 6.450000e+01
      vertex   8.071429e+01 7.992404e+00 6.458682e+01
      vertex   8.242857e+01 7.992404e+00 6.458682e+01
    endloop
  endfacet
  facet normal 1.310971e-14 9.961947e-01 8.715574e-02
    outer loop
      vertex   7.900000e+01 8.000000e+00 6.450000e+01
      vertex   8.242857e+01 7.992404e+00 6.458682e+01
      vertex   8.414286e+01 7.992404e+00 6.458682e+01
    endloop
  endfacet
  facet normal 1.415633e-14 9.659258e-01 2.588190e-01
    outer loop
      vertex   8.414286e+01 7.992404e+00 6.458682e+01
      vertex   8.242857e+01 7.992404e+00 6.458682e+01
      vertex   8.414286e+01 7.969846e+00 6.467101e+01
    endloop
  endfacet
  facet normal 2.960098e-14 9.659258e-01 2.588190e-01
    outer loop
      vertex   8.414286e+01 7.992404e+00 6.458682e+01
      vertex   8.414286e+01 7.969846e+00 6.467101e+01
      vertex   8.585714e+01 7.969846e+00 6.467101e+01
    endloop
  endfacet
  facet normal 3.373505e-14 9.063078e-01 4.226183e-01
    outer loop
      vertex   8.585714e+01 7.969846e+00 6.467101e+01
      vertex   8.414286e+01 7.969846e+00 6.467101e+01
      vertex   8.585714e+01 7.933013e+00 6.475000e+01
    endloop
  endfacet
  facet normal 3.889809e-14 9.063078e-01 4.226183e-01
    outer loop
      vertex   8.585714e+01 7.969846e+00 6.467101e+01
      vertex   8.585714e+01 7.933013e+00 6.475000e+01
      vertex   8.757143e+01 7.933013e+00 6.475000e+01
    endloop
  endfacet
  facet normal 4.151255e-14 8.191520e-01 5.735764e-01
    outer loop
      vertex   8.757143e+01 7.933013e+00 6.475000e+01
      vertex   8.585714e+01 7.933013e+00 6.475000e+01
      vertex   8.757143e+01 7.883022e+00 6.482139e+01
    endloop
  endfacet
  facet normal 5.314127e-14 8.191520e-01 5.735764e-01
    outer loop
      vertex   8.757143e+01 7.933013e+00 6.475000e+01
      vertex   8.757143e+01 7.883022e+00 6.482139e+01
      vertex   8.928571e+01 7.883022e+00 6.482139e+01
    endloop
  endfacet
  facet normal 5.641866e-14 7.071068e-01 7.071068e-01
    outer loop
      vertex   8.928571e+01 7.883022e+00 6.482139e+01
      vertex   8.757143e+01 7.883022e+00 6.482139e+01
      vertex   8.928571e+01 7.821394e+00 6.488302e+01
    endloop
  endfacet
  facet normal 6.227874e-14 7.071068e-01 7.071068e-01
    outer loop
      vertex   8.928571e+01 7.883022e+00 6.482139e+01
      vertex   8.928571e+01 7.821394e+00 6.488302e+01
      vertex   9.100000e+01 7.821394e+00 6.488302e+01
    endloop
  endfacet
  facet normal 6.476947e-14 5.735764e-01 8.191520e-01
    outer loop
      vertex   9.100000e+01 7.821394e+00 6.488302e+01
      vertex   8.928571e+01 7.821394e+00 6.488302e+01
      vertex   9.100000e+01 7.750000e+00 6.493301e+01
    endloop
  endfacet
  facet normal 8.157489e-14 5.735764e-01 8.191520e-01
    outer loop
      vertex   9.100000e+01 7.750000e+00 6.493301e+01
      vertex   8.928571e+01 7.821394e+00 6.488302e+01
      vertex   8.928571e+01 7.750000e+00 6.493301e+01
    endloop
  endfacet
  facet normal 8.520205e-14 4.226183e-01 9.063078e-01
    outer loop
      vertex   9.100000e+01 7.750000e+00 6.493301e+01
      vertex   8.928571e+01 7.750000e+00 6.493301e+01
      vertex   9.100000e+01 7.671010e+00 6.496985e+01
    endloop
  endfacet
  facet normal 8.147973e-14 4.226183e-01 9.063078e-01
    outer loop
      vertex   9.100000e+01 7.671010e+00 6.496985e+01
      vertex   8.928571e+01 7.750000e+00 6.493301e+01
      vertex   8.928571e+01 7.671010e+00 6.496985e+01
    endloop
  endfacet
  facet normal 8.396078e-14 2.588190e-01 9.659258e-01
    outer loop
      vertex   9.100000e+01 7.671010e+00 6.496985e+01
      vertex   8.928571e+01 7.671010e+00 6.496985e+01
      vertex   9.100000e+01 7.586824e+00 6.499240e+01
    endloop
  endfacet
  facet normal 8.928608e-14 2.588190e-01 9.659258e-01
    outer loop
      vertex   9.100000e+01 7.586824e+00 6.499240e+01
      vertex   8.928571e+01 7.671010e+00 6.496985e+01
      vertex   8.928571e+01 7.586824e+00 6.499240e+01
    endloop
  endfacet
  facet normal 9.124573e-14 8.715574e-02 9.961947e-01
    outer loop
      vertex   9.100000e+01 7.586824e+00 6.499240e+01
      vertex   8.928571e+01 7.586824e+00 6.499240e+01
      vertex   9.100000e+01 7.500000e+00 6.500000e+01
    endloop
  endfacet
  facet normal 8.203934e-14 8.715574e-02 9.961947e-01
    outer loop
      vertex   9.100000e+01 7.500000e+00 6.500000e+01
      vertex   8.928571e+01 7.586824e+00 6.499240e+01
      vertex   8.928571e+01 7.500000e+00 6.500000e+01
    endloop
  endfacet
  facet normal 8.312307e-14 -8.715574e-02 9.961947e-01
    outer loop
      vertex   9.100000e+01 7.500000e+00 6.500000e+01
      vertex   8.928571e+01 7.500000e+00 6.500000e+01
      vertex   9.100000e+01 7.413176e+00 6.499240e+01
    endloop
  endfacet
  facet normal 8.402619e-14 -8.715574e-02 9.961947e-01
    outer loop
      vertex   9.100000e+01 7.413176e+00 6.499240e+01
      vertex   8.928571e+01 7.500000e+00 6.500000e+01
      vertex   8.928571e+01 7.413176e+00 6.499240e+01
    endloop
  endfacet
  facet normal 8.436306e-14 -2.588190e-01 9.659258e-01
    outer loop
      vertex   9.100000e+01 7.413176e+00 6.499240e+01
      vertex   8.928571e+01 7.413176e+00 6.499240e+01
      vertex   9.100000e+01 7.328990e+00 6.496985e+01
    endloop
  endfacet
  facet normal 8.731316e-14 -2.588190e-01 9.659258e-01
    outer loop
      vertex   9.100000e+01 7.328990e+00 6.496985e+01
      vertex   8.928571e+01 7.413176e+00 6.499240e+01
      vertex   8.928571e+01 7.328990e+00 6.496985e+01
    endloop
  endfacet
  facet normal 8.695373e-14 -4.226183e-01 9.063078e-01
    outer loop
      vertex   9.100000e+01 7.328990e+00 6.496985e+01
      vertex   8.928571e+01 7.328990e+00 6.496985e+01
      vertex   9.100000e+01 7.250000e+00 6.493301e+01
    endloop
  endfacet
  facet normal 7.367944e-14 -4.226183e-01 9.063078e-01
    outer loop
      vertex   9.100000e+01 7.250000e+00 6.493301e+01
      vertex   8.928571e+01 7.328990e+00 6.496985e+01
      vertex   8.928571e+01 7.250000e+00 6.493301e+01
    endloop
  endfacet
  facet normal 7.274865e-14 -5.735764e-01 8.191520e-01
    outer loop
      vertex   9.100000e+01 7.250000e+00 6.493301e+01
      vertex   8.928571e+01 7.250000e+00 6.493301e+01
      vertex   9.100000e+01 7.178606e+00 6.488302e+01
    endloop
  endfacet
  facet normal 6.774119e-14 -5.735764e-01 8.191520e-01
    outer loop
      vertex   9.100000e+01 7.178606e+00 6.488302e+01
      vertex   8.928571e+01 7.250000e+00 6.493301e+01
      vertex   8.928571e+01 7.178606e+00 6.488302e+01
    endloop
  endfacet
  facet normal 6.594388e-14 -7.071068e-01 7.071068e-01
    outer loop
      vertex   9.100000e+01 7.178606e+00 6.488302e+01
      vertex   8.928571e+01 7.178606e+00 6.488302e+01
      vertex   9.100000e+01 7.116978e+00 6.482139e+01
    endloop
  endfacet
  facet normal 5.568595e-14 -7.071068e-01 7.071068e-01
    outer loop
      vertex   9.100000e+01 7.116978e+00 6.482139e+01
      vertex   8.928571e+01 7.178606e+00 6.488302e+01
      vertex   8.928571e+01 7.116978e+00 6.482139e+01
    endloop
  endfacet
  facet normal 5.433102e-14 -8.191520e-01 5.735764e-01
    outer loop
      vertex   9.100000e+01 7.116978e+00 6.482139e+01
      vertex   8.928571e+01 7.116978e+00 6.482139e+01
      vertex   9.100000e+01 7.066987e+00 6.475000e+01
    endloop
  endfacet
  facet normal 4.227507e-14 -8.191520e-01 5.735764e-01
    outer loop
      vertex   9.100000e+01 7.066987e+00 6.475000e+01
      vertex   8.928571e+01 7.116978e+00 6.482139e+01
      vertex   8.928571e+01 7.066987e+00 6.475000e+01
    endloop
  endfacet
  facet normal 4.150117e-14 -9.063078e-01 4.226183e-01
    outer loop
      vertex   9.100000e+01 7.066987e+00 6.475000e+01
      vertex   8.928571e+01 7.066987e+00 6.475000e+01
      vertex   9.100000e+01 7.030154e+00 6.467101e+01
    endloop
  endfacet
  facet normal 3.048482e-14 -9.063078e-01 4.226183e-01
    outer loop
      vertex   9.100000e+01 7.030154e+00 6.467101e+01
      vertex   8.928571e+01 7.066987e+00 6.475000e+01
      vertex   8.928571e+01 7.030154e+00 6.467101e+01
    endloop
  endfacet
  facet normal 2.931355e-14 -9.659258e-01 2.588190e-01
    outer loop
      vertex   9.100000e+01 7.030154e+00 6.467101e+01
      vertex   8.928571e+01 7.030154e+00 6.467101e+01
      vertex   9.100000e+01 7.007596e+00 6.458682e+01
    endloop
  endfacet
  facet normal 1.665858e-14 -9.659258e-01 2.588190e-01
    outer loop
      vertex   9.100000e+01 7.007596e+00 6.458682e+01
      vertex   8.928571e+01 7.030154e+00 6.467101e+01
      vertex   8.928571e+01 7.007596e+00 6.458682e+01
    endloop
  endfacet
  facet normal 1.569034e-14 -9.961947e-01 8.715574e-02
    outer loop
      vertex   9.100000e+01 7.007596e+00 6.458682e+01
      vertex   8.928571e+01 7.007596e+00 6.458682e+01
      vertex   9.100000e+01 7.000000e+00 6.450000e+01
    endloop
  endfacet
  facet normal 1.331652e-14 -9.961947e-01 8.715574e-02
    outer loop
      vertex   9.100000e+01 7.000000e+00 6.450000e+01
      vertex   8.928571e+01 7.007596e+00 6.458682e+01
      vertex   8.757143e+01 7.007596e+00 6.458682e+01
    endloop
  endfacet
  facet normal 1.331652e-14 -9.961947e-01 8.715574e-02
    outer loop
      vertex   9.100000e+01 7.000000e+00 6.450000e+01
      vertex   8.757143e+01 7.007596e+00 6.458682e+01
      vertex   8.585714e+01 7.007596e+00 6.458682e+01
    endloop
  endfacet
  facet normal 1.580140e-14 -9.659258e-01 2.588190e-01
    outer loop
      vertex   8.585714e+01 7.007596e+00 6.458682e+01
      vertex   8.757143e+01 7.007596e+00 6.458682e+01
      vertex   8.585714e+01 7.030154e+00 6.467101e+01
    endloop
  endfacet
  facet normal 2.759962e-14 -9.659258e-01 2.588190e-01
    outer loop
      vertex   8.585714e+01 7.007596e+00 6.458682e+01
      vertex   8.585714e+01 7.030154e+00 6.467101e+01
      vertex   8.414286e+01 7.030154e+00 6.467101e+01
    endloop
  endfacet
  facet normal 3.185680e-14 -9.063078e-01 4.226183e-01
    outer loop
      vertex   8.414286e+01 7.030154e+00 6.467101e+01
      vertex   8.585714e+01 7.030154e+00 6.467101e+01
      vertex   8.414286e+01 7.066987e+00 6.475000e+01
    endloop
  endfacet
  facet normal 4.214903e-14 -9.063078e-01 4.226183e-01
    outer loop
      vertex   8.414286e+01 7.030154e+00 6.467101e+01
      vertex   8.414286e+01 7.066987e+00 6.475000e+01
      vertex   8.242857e+01 7.066987e+00 6.475000e+01
    endloop
  endfacet
  facet normal 4.762681e-14 -8.191520e-01 5.735764e-01
    outer loop
      vertex   8.242857e+01 7.066987e+00 6.475000e+01
      vertex   8.414286e+01 7.066987e+00 6.475000e+01
      vertex   8.242857e+01 7.116978e+00 6.482139e+01
    endloop
  endfacet
  facet normal 4.805297e-14 -8.191520e-01 5.735764e-01
    outer loop
      vertex   8.242857e+01 7.066987e+00 6.475000e+01
      vertex   8.242857e+01 7.116978e+00 6.482139e+01
      vertex   8.071429e+01 7.116978e+00 6.482139e+01
    endloop
  endfacet
  facet normal 5.202240e-14 -7.071068e-01 7.071068e-01
    outer loop
      vertex   8.071429e+01 7.116978e+00 6.482139e+01
      vertex   8.242857e+01 7.116978e+00 6.482139e+01
      vertex   8.071429e+01 7.178606e+00 6.488302e+01
    endloop
  endfacet
  facet normal 6.741058e-14 -7.071068e-01 7.071068e-01
    outer loop
      vertex   8.071429e+01 7.116978e+00 6.482139e+01
      vertex   8.071429e+01 7.178606e+00 6.488302e+01
      vertex   7.900000e+01 7.178606e+00 6.488302e+01
    endloop
  endfacet
  facet normal 6.078692e-14 -5.735764e-01 8.191520e-01
    outer loop
      vertex   7.900000e+01 7.178606e+00 6.488302e+01
      vertex   8.071429e+01 7.178606e+00 6.488302e+01
      vertex   7.900000e+01 7.250000e+00 6.493301e+01
    endloop
  endfacet
  facet normal 8.175275e-14 -5.735764e-01 8.191520e-01
    outer loop
      vertex   7.900000e+01 7.250000e+00 6.493301e+01
      vertex   8.071429e+01 7.178606e+00 6.488302e+01
      vertex   8.071429e+01 7.250000e+00 6.493301e+01
    endloop
  endfacet
  facet normal 7.529444e-14 -4.226183e-01 9.063078e-01
    outer loop
      vertex   7.900000e+01 7.250000e+00 6.493301e+01
      vertex   8.071429e+01 7.250000e+00 6.493301e+01
      vertex   7.900000e+01 7.328990e+00 6.496985e+01
    endloop
  endfacet
  facet normal 8.725498e-14 -4.226183e-01 9.063078e-01
    outer loop
      vertex   7.900000e+01 7.328990e+00 6.496985e+01
      vertex   8.071429e+01 7.250000e+00 6.493301e+01
      vertex   8.071429e+01 7.328990e+00 6.496985e+01
    endloop
  endfacet
  facet normal 8.068542e-14 -2.588190e-01 9.659258e-01
    outer loop
      vertex   7.900000e+01 7.328990e+00 6.496985e+01
      vertex   8.071429e+01 7.328990e+00 6.496985e+01
      vertex   7.900000e+01 7.413176e+00 6.499240e+01
    endloop
  endfacet
  facet normal 9.388382e-14 -2.588190e-01 9.659258e-01
    outer loop
      vertex   7.900000e+01 7.413176e+00 6.499240e+01
      vertex   8.071429e+01 7.328990e+00 6.496985e+01
      vertex   8.071429e+01 7.413176e+00 6.499240e+01
    endloop
  endfacet
  facet normal 8.723225e-14 -8.715574e-02 9.961947e-01
    outer loop
      vertex   7.900000e+01 7.413176e+00 6.499240e+01
      vertex   8.071429e+01 7.413176e+00 6.499240e+01
      vertex   7.900000e+01 7.500000e+00 6.500000e+01
    endloop
  endfacet
  facet normal 9.409054e-14 -8.715574e-02 9.961947e-01
    outer loop
      vertex   7.900000e+01 7.500000e+00 6.500000e+01
      vertex   8.071429e+01 7.413176e+00 6.499240e+01
      vertex   8.071429e+01 7.500000e+00 6.500000e+01
    endloop
  endfacet
  facet normal 8.758811e-14 8.715574e-02 9.961947e-01
    outer loop
      vertex   7.900000e+01 7.500000e+00 6.500000e+01
      vertex   8.071429e+01 7.500000e+00 6.500000e+01
      vertex   7.900000e+01 7.586824e+00 6.499240e+01
    endloop
  endfacet
  facet normal 8.903310e-14 8.715574e-02 9.961947e-01
    outer loop
      vertex   7.900000e+01 7.586824e+00 6.499240e+01
      vertex   8.071429e+01 7.500000e+00 6.500000e+01
      vertex   8.071429e+01 7.586824e+00 6.499240e+01
    endloop
  endfacet
  facet normal 8.271541e-14 2.588190e-01 9.659258e-01
    outer loop
      vertex   7.900000e+01 7.586824e+00 6.499240e+01
      vertex   8.071429e+01 7.586824e+00 6.499240e+01
      vertex   7.900000e+01 7.671010e+00 6.496985e+01
    endloop
  endfacet
  facet normal 8.727465e-14 2.588190e-01 9.659258e-01
    outer loop
      vertex   7.900000e+01 7.671010e+00 6.496985e+01
      vertex   8.071429e+01 7.586824e+00 6.499240e+01
      vertex   8.071429e+01 7.671010e+00 6.496985e+01
    endloop
  endfacet
  facet normal 8.132911e-14 4.226183e-01 9.063078e-01
    outer loop
      vertex   7.900000e+01 7.671010e+00 6.496985e+01
      vertex   8.071429e+01 7.671010e+00 6.496985e+01
      vertex   7.900000e+01 7.750000e+00 6.493301e+01
    endloop
  endfacet
  facet normal 8.038493e-14 4.226183e-01 9.063078e-01
    outer loop
      vertex   7.900000e+01 7.750000e+00 6.493301e+01
      vertex   8.071429e+01 7.671010e+00 6.496985e+01
      vertex   8.071429e+01 7.750000e+00 6.493301e+01
    endloop
  endfacet
  facet normal 7.503710e-14 5.735764e-01 8.191520e-01
    outer loop
      vertex   7.900000e+01 7.750000e+00 6.493301e+01
      vertex   8.071429e+01 7.750000e+00 6.493301e+01
      vertex   7.900000e+01 7.821394e+00 6.488302e+01
    endloop
  endfacet
  facet normal 6.947976e-14 5.735764e-01 8.191520e-01
    outer loop
      vertex   7.900000e+01 7.821394e+00 6.488302e+01
      vertex   8.071429e+01 7.750000e+00 6.493301e+01
      vertex   8.071429e+01 7.821394e+00 6.488302e+01
    endloop
  endfacet
  facet normal 6.557753e-14 7.071068e-01 7.071068e-01
    outer loop
      vertex   7.900000e+01 7.821394e+00 6.488302e+01
      vertex   8.071429e+01 7.821394e+00 6.488302e+01
      vertex   7.900000e+01 7.883022e+00 6.482139e+01
    endloop
  endfacet
  facet normal 5.495324e-14 7.071068e-01 7.071068e-01
    outer loop
      vertex   7.900000e+01 7.883022e+00 6.482139e+01
      vertex   8.071429e+01 7.821394e+00 6.488302e+01
      vertex   8.071429e+01 7.883022e+00 6.482139e+01
    endloop
  endfacet
  facet normal 5.348220e-14 8.191520e-01 5.735764e-01
    outer loop
      vertex   7.900000e+01 7.883022e+00 6.482139e+01
      vertex   8.071429e+01 7.883022e+00 6.482139e+01
      vertex   7.900000e+01 7.933013e+00 6.475000e+01
    endloop
  endfacet
  facet normal 4.397269e-14 8.191520e-01 5.735764e-01
    outer loop
      vertex   7.900000e+01 7.933013e+00 6.475000e+01
      vertex   8.071429e+01 7.883022e+00 6.482139e+01
      vertex   8.071429e+01 7.933013e+00 6.475000e+01
    endloop
  endfacet
  facet normal 4.337941e-14 9.063078e-01 4.226183e-01
    outer loop
      vertex   7.900000e+01 7.933013e+00 6.475000e+01
      vertex   8.071429e+01 7.933013e+00 6.475000e+01
      vertex   7.900000e+01 7.969846e+00 6.467101e+01
    endloop
  endfacet
  facet normal 2.911283e-14 9.063078e-01 4.226183e-01
    outer loop
      vertex   7.900000e+01 7.969846e+00 6.467101e+01
      vertex   8.071429e+01 7.933013e+00 6.475000e+01
      vertex   8.071429e+01 7.969846e+00 6.467101e+01
    endloop
  endfacet
  facet normal 3.102791e-14 9.659258e-01 2.588190e-01
    outer loop
      vertex   7.900000e+01 7.969846e+00 6.467101e+01
      vertex   8.071429e+01 7.969846e+00 6.467101e+01
      vertex   7.900000e+01 7.992404e+00 6.458682e+01
    endloop
  endfacet
  facet normal 1.258053e-14 9.659258e-01 2.588190e-01
    outer loop
      vertex   7.900000e+01 7.992404e+00 6.458682e+01
      vertex   8.071429e+01 7.969846e+00 6.467101e+01
      vertex   8.071429e+01 7.992404e+00 6.458682e+01
    endloop
  endfacet
  facet normal 5.788416e-14 -7.071068e-01 7.071068e-01
    outer loop
      vertex   7.900000e+01 7.178606e+00 6.488302e+01
      vertex   7.900000e+01 7.116978e+00 6.482139e+01
      vertex   8.071429e+01 7.116978e+00 6.482139e+01
    endloop
  endfacet
  facet normal 6.298467e-14 -8.191520e-01 5.735764e-01
    outer loop
      vertex   8.071429e+01 7.116978e+00 6.482139e+01
      vertex   7.900000e+01 7.116978e+00 6.482139e+01
      vertex   8.071429e+01 7.066987e+00 6.475000e+01
    endloop
  endfacet
  facet normal 4.805297e-14 -8.191520e-01 5.735764e-01
    outer loop
      vertex   8.071429e+01 7.116978e+00 6.482139e+01
      vertex   8.071429e+01 7.066987e+00 6.475000e+01
      vertex   8.242857e+01 7.066987e+00 6.475000e+01
    endloop
  endfacet
  facet normal 4.262002e-14 -9.063078e-01 4.226183e-01
    outer loop
      vertex   8.242857e+01 7.066987e+00 6.475000e+01
      vertex   8.071429e+01 7.066987e+00 6.475000e+01
      vertex   8.242857e+01 7.030154e+00 6.467101e+01
    endloop
  endfacet
  facet normal 3.535979e-14 -9.063078e-01 4.226183e-01
    outer loop
      vertex   8.242857e+01 7.066987e+00 6.475000e+01
      vertex   8.242857e+01 7.030154e+00 6.467101e+01
      vertex   8.414286e+01 7.030154e+00 6.467101e+01
    endloop
  endfacet
  facet normal 2.974472e-14 -9.659258e-01 2.588190e-01
    outer loop
      vertex   8.414286e+01 7.030154e+00 6.467101e+01
      vertex   8.242857e+01 7.030154e+00 6.467101e+01
      vertex   8.414286e+01 7.007596e+00 6.458682e+01
    endloop
  endfacet
  facet normal 2.009343e-14 -9.659258e-01 2.588190e-01
    outer loop
      vertex   8.414286e+01 7.030154e+00 6.467101e+01
      vertex   8.414286e+01 7.007596e+00 6.458682e+01
      vertex   8.585714e+01 7.007596e+00 6.458682e+01
    endloop
  endfacet
  facet normal 1.476102e-14 -9.961947e-01 8.715574e-02
    outer loop
      vertex   8.585714e+01 7.007596e+00 6.458682e+01
      vertex   8.414286e+01 7.007596e+00 6.458682e+01
      vertex   9.100000e+01 7.000000e+00 6.450000e+01
    endloop
  endfacet
  facet normal 3.505501e-14 -8.191520e-01 5.735764e-01
    outer loop
      vertex   7.900000e+01 7.116978e+00 6.482139e+01
      vertex   7.900000e+01 7.066987e+00 6.475000e+01
      vertex   8.071429e+01 7.066987e+00 6.475000e+01
    endloop
  endfacet
  facet normal 4.229726e-14 -9.063078e-01 4.226183e-01
    outer loop
      vertex   8.071429e+01 7.066987e+00 6.475000e+01
      vertex   7.900000e+01 7.066987e+00 6.475000e+01
      vertex   8.071429e+01 7.030154e+00 6.467101e+01
    endloop
  endfacet
  facet normal 3.232654e-14 -9.063078e-01 4.226183e-01
    outer loop
      vertex   8.071429e+01 7.066987e+00 6.475000e+01
      vertex   8.071429e+01 7.030154e+00 6.467101e+01
      vertex   8.242857e+01 7.030154e+00 6.467101e+01
    endloop
  endfacet
  facet normal 2.809965e-14 -9.659258e-01 2.588190e-01
    outer loop
      vertex   8.242857e+01 7.030154e+00 6.467101e+01
      vertex   8.071429e+01 7.030154e+00 6.467101e+01
      vertex   8.242857e+01 7.007596e+00 6.458682e+01
    endloop
  endfacet
  facet normal 1.580189e-14 -9.659258e-01 2.588190e-01
    outer loop
      vertex   8.242857e+01 7.030154e+00 6.467101e+01
      vertex   8.242857e+01 7.007596e+00 6.458682e+01
      vertex   8.414286e+01 7.007596e+00 6.458682e+01
    endloop
  endfacet
  facet normal 1.331603e-14 -9.961947e-01 8.715574e-02
    outer loop
      vertex   8.414286e+01 7.007596e+00 6.458682e+01
      vertex   8.242857e+01 7.007596e+00 6.458682e+01
      vertex   7.900000e+01 7.000000e+00 6.450000e+01
    endloop
  endfacet
  facet normal 0.000000e+00 -9.961947e-01 8.715574e-02
    outer loop
      vertex   8.414286e+01 7.007596e+00 6.458682e+01
      vertex   7.900000e+01 7.000000e+00 6.450000e+01
      vertex   9.100000e+01 7.000000e+00 6.450000e+01
    endloop
  endfacet
  facet normal 2.517738e-14 -9.063078e-01 4.226183e-01
    outer loop
      vertex   7.900000e+01 7.066987e+00 6.475000e+01
      vertex   7.900000e+01 7.030154e+00 6.467101e+01
      vertex   8.071429e+01 7.030154e+00 6.467101e+01
    endloop
  endfacet
  facet normal 3.159764e-14 -9.659258e-01 2.588190e-01
    outer loop
      vertex   8.071429e+01 7.030154e+00 6.467101e+01
      vertex   7.900000e+01 7.030154e+00 6.467101e+01
      vertex   8.071429e+01 7.007596e+00 6.458682e+01
    endloop
  endfacet
  facet normal 1.580044e-14 -9.659258e-01 2.588190e-01
    outer loop
      vertex   8.071429e+01 7.030154e+00 6.467101e+01
      vertex   8.071429e+01 7.007596e+00 6.458682e+01
      vertex   8.242857e+01 7.007596e+00 6.458682e+01
    endloop
  endfacet
  facet normal 1.331603e-14 -9.961947e-01 8.715574e-02
    outer loop
      vertex   8.242857e+01 7.007596e+00 6.458682e+01
      vertex   8.071429e+01 7.007596e+00 6.458682e+01
      vertex   7.900000e+01 7.000000e+00 6.450000e+01
    endloop
  endfacet
  facet normal 1.358139e-14 -9.659258e-01 2.588190e-01
    outer loop
      vertex   7.900000e+01 7.030154e+00 6.467101e+01
      vertex   7.900000e+01 7.007596e+00 6.458682e+01
      vertex   8.071429e+01 7.007596e+00 6.458682e+01
    endloop
  endfacet
  facet normal 1.847783e-14 -9.961947e-01 8.715574e-02
    outer loop
      vertex   8.071429e+01 7.007596e+00 6.458682e+01
      vertex   7.900000e+01 7.007596e+00 6.458682e+01
      vertex   7.900000e+01 7.000000e+00 6.450000e+01
    endloop
  endfacet
  facet normal 5.861853e-14 7.071068e-01 7.071068e-01
    outer loop
      vertex   9.100000e+01 7.821394e+00 6.488302e+01
      vertex   9.100000e+01 7.883022e+00 6.482139e+01
      vertex   8.928571e+01 7.883022e+00 6.482139e+01
    endloop
  endfacet
  facet normal 5.569052e-14 8.191520e-01 5.735764e-01
    outer loop
      vertex   8.928571e+01 7.883022e+00 6.482139e+01
      vertex   9.100000e+01 7.883022e+00 6.482139e+01
      vertex   8.928571e+01 7.933013e+00 6.475000e+01
    endloop
  endfacet
  facet normal 4.669164e-14 8.191520e-01 5.735764e-01
    outer loop
      vertex   8.928571e+01 7.883022e+00 6.482139e+01
      vertex   8.928571e+01 7.933013e+00 6.475000e+01
      vertex   8.757143e+01 7.933013e+00 6.475000e+01
    endloop
  endfacet
  facet normal 4.287315e-14 9.063078e-01 4.226183e-01
    outer loop
      vertex   8.757143e+01 7.933013e+00 6.475000e+01
      vertex   8.928571e+01 7.933013e+00 6.475000e+01
      vertex   8.757143e+01 7.969846e+00 6.467101e+01
    endloop
  endfacet
  facet normal 2.976062e-14 9.063078e-01 4.226183e-01
    outer loop
      vertex   8.757143e+01 7.933013e+00 6.475000e+01
      vertex   8.757143e+01 7.969846e+00 6.467101e+01
      vertex   8.585714e+01 7.969846e+00 6.467101e+01
    endloop
  endfacet
  facet normal 2.695502e-14 9.659258e-01 2.588190e-01
    outer loop
      vertex   8.585714e+01 7.969846e+00 6.467101e+01
      vertex   8.757143e+01 7.969846e+00 6.467101e+01
      vertex   8.585714e+01 7.992404e+00 6.458682e+01
    endloop
  endfacet
  facet normal 2.059268e-14 9.659258e-01 2.588190e-01
    outer loop
      vertex   8.585714e+01 7.969846e+00 6.467101e+01
      vertex   8.585714e+01 7.992404e+00 6.458682e+01
      vertex   8.414286e+01 7.992404e+00 6.458682e+01
    endloop
  endfacet
  facet normal 1.527715e-14 9.961947e-01 8.715574e-02
    outer loop
      vertex   8.414286e+01 7.992404e+00 6.458682e+01
      vertex   8.585714e+01 7.992404e+00 6.458682e+01
      vertex   7.900000e+01 8.000000e+00 6.450000e+01
    endloop
  endfacet
  facet normal 5.050859e-14 8.191520e-01 5.735764e-01
    outer loop
      vertex   9.100000e+01 7.883022e+00 6.482139e+01
      vertex   9.100000e+01 7.933013e+00 6.475000e+01
      vertex   8.928571e+01 7.933013e+00 6.475000e+01
    endloop
  endfacet
  facet normal 4.709921e-14 9.063078e-01 4.226183e-01
    outer loop
      vertex   8.928571e+01 7.933013e+00 6.475000e+01
      vertex   9.100000e+01 7.933013e+00 6.475000e+01
      vertex   8.928571e+01 7.969846e+00 6.467101e+01
    endloop
  endfacet
  facet normal 3.070107e-14 9.063078e-01 4.226183e-01
    outer loop
      vertex   8.928571e+01 7.933013e+00 6.475000e+01
      vertex   8.928571e+01 7.969846e+00 6.467101e+01
      vertex   8.757143e+01 7.969846e+00 6.467101e+01
    endloop
  endfacet
  facet normal 2.795592e-14 9.659258e-01 2.588190e-01
    outer loop
      vertex   8.757143e+01 7.969846e+00 6.467101e+01
      vertex   8.928571e+01 7.969846e+00 6.467101e+01
      vertex   8.757143e+01 7.992404e+00 6.458682e+01
    endloop
  endfacet
  facet normal 1.630260e-14 9.659258e-01 2.588190e-01
    outer loop
      vertex   8.757143e+01 7.969846e+00 6.467101e+01
      vertex   8.757143e+01 7.992404e+00 6.458682e+01
      vertex   8.585714e+01 7.992404e+00 6.458682e+01
    endloop
  endfacet
  facet normal 1.383216e-14 9.961947e-01 8.715574e-02
    outer loop
      vertex   8.585714e+01 7.992404e+00 6.458682e+01
      vertex   8.757143e+01 7.992404e+00 6.458682e+01
      vertex   9.100000e+01 8.000000e+00 6.450000e+01
    endloop
  endfacet
  facet normal 0.000000e+00 9.961947e-01 8.715574e-02
    outer loop
      vertex   8.585714e+01 7.992404e+00 6.458682e+01
      vertex   9.100000e+01 8.000000e+00 6.450000e+01
      vertex   7.900000e+01 8.000000e+00 6.450000e+01
    endloop
  endfacet
  facet normal 3.210885e-14 9.063078e-01 4.226183e-01
    outer loop
      vertex   9.100000e+01 7.933013e+00 6.475000e+01
      vertex   9.100000e+01 7.969846e+00 6.467101e+01
      vertex   8.928571e+01 7.969846e+00 6.467101e+01
    endloop
  endfacet
  facet normal 2.945727e-14 9.659258e-01 2.588190e-01
    outer loop
      vertex   8.928571e+01 7.969846e+00 6.467101e+01
      vertex   9.100000e+01 7.969846e+00 6.467101e+01
      vertex   8.928571e+01 7.992404e+00 6.458682e+01
    endloop
  endfacet
  facet normal 1.630115e-14 9.659258e-01 2.588190e-01
    outer loop
      vertex   8.928571e+01 7.969846e+00 6.467101e+01
      vertex   8.928571e+01 7.992404e+00 6.458682e+01
      vertex   8.757143e+01 7.992404e+00 6.458682e+01
    endloop
  endfacet
  facet normal 1.383216e-14 9.961947e-01 8.715574e-02
    outer loop
      vertex   8.757143e+01 7.992404e+00 6.458682e+01
      vertex   8.928571e+01 7.992404e+00 6.458682e+01
      vertex   9.100000e+01 8.000000e+00 6.450000e+01
    endloop
  endfacet
  facet normal 1.615892e-14 9.659258e-01 2.588190e-01
    outer loop
      vertex   9.100000e+01 7.969846e+00 6.467101e+01
      vertex   9.100000e+01 7.992404e+00 6.458682e+01
      vertex   8.928571e+01 7.992404e+00 6.458682e+01
    endloop
  endfacet
  facet normal 1.517420e-14 9.961947e-01 8.715574e-02
    outer loop
      vertex   8.928571e+01 7.992404e+00 6.458682e+01
      vertex   9.100000e+01 7.992404e+00 6.458682e+01
      vertex   9.100000e+01 8.000000e+00 6.450000e+01
    endloop
  endfacet
  facet normal 1.844737e-14 9.659258e-01 2.588190e-01
    outer loop
      vertex   8.242857e+01 7.992404e+00 6.458682e+01
      vertex   8.071429e+01 7.992404e+00 6.458682e+01
      vertex   8.242857e+01 7.969846e+00 6.467101e+01
    endloop
  endfacet
  facet normal 2.960100e-14 9.659258e-01 2.588190e-01
    outer loop
      vertex   8.242857e+01 7.969846e+00 6.467101e+01
      vertex   8.071429e+01 7.992404e+00 6.458682e+01
      vertex   8.071429e+01 7.969846e+00 6.467101e+01
    endloop
  endfacet
  facet normal 3.373505e-14 9.063078e-01 4.226183e-01
    outer loop
      vertex   8.242857e+01 7.969846e+00 6.467101e+01
      vertex   8.071429e+01 7.969846e+00 6.467101e+01
      vertex   8.242857e+01 7.933013e+00 6.475000e+01
    endloop
  endfacet
  facet normal 3.936979e-14 9.063078e-01 4.226183e-01
    outer loop
      vertex   8.242857e+01 7.933013e+00 6.475000e+01
      vertex   8.071429e+01 7.969846e+00 6.467101e+01
      vertex   8.071429e+01 7.933013e+00 6.475000e+01
    endloop
  endfacet
  facet normal 4.193695e-14 8.191520e-01 5.735764e-01
    outer loop
      vertex   8.242857e+01 7.933013e+00 6.475000e+01
      vertex   8.071429e+01 7.933013e+00 6.475000e+01
      vertex   8.242857e+01 7.883022e+00 6.482139e+01
    endloop
  endfacet
  facet normal 5.789885e-14 8.191520e-01 5.735764e-01
    outer loop
      vertex   8.242857e+01 7.883022e+00 6.482139e+01
      vertex   8.071429e+01 7.933013e+00 6.475000e+01
      vertex   8.071429e+01 7.883022e+00 6.482139e+01
    endloop
  endfacet
  facet normal 6.228033e-14 7.071068e-01 7.071068e-01
    outer loop
      vertex   8.242857e+01 7.883022e+00 6.482139e+01
      vertex   8.071429e+01 7.883022e+00 6.482139e+01
      vertex   8.242857e+01 7.821394e+00 6.488302e+01
    endloop
  endfacet
  facet normal 6.301304e-14 7.071068e-01 7.071068e-01
    outer loop
      vertex   8.242857e+01 7.821394e+00 6.488302e+01
      vertex   8.071429e+01 7.883022e+00 6.482139e+01
      vertex   8.071429e+01 7.821394e+00 6.488302e+01
    endloop
  endfacet
  facet normal 6.536381e-14 5.735764e-01 8.191520e-01
    outer loop
      vertex   8.242857e+01 7.821394e+00 6.488302e+01
      vertex   8.071429e+01 7.821394e+00 6.488302e+01
      vertex   8.242857e+01 7.750000e+00 6.493301e+01
    endloop
  endfacet
  facet normal 7.096562e-14 5.735764e-01 8.191520e-01
    outer loop
      vertex   8.242857e+01 7.750000e+00 6.493301e+01
      vertex   8.071429e+01 7.821394e+00 6.488302e+01
      vertex   8.071429e+01 7.750000e+00 6.493301e+01
    endloop
  endfacet
  facet normal 7.236568e-14 4.226183e-01 9.063078e-01
    outer loop
      vertex   8.242857e+01 7.750000e+00 6.493301e+01
      vertex   8.071429e+01 7.750000e+00 6.493301e+01
      vertex   8.242857e+01 7.671010e+00 6.496985e+01
    endloop
  endfacet
  facet normal 7.768906e-14 4.226183e-01 9.063078e-01
    outer loop
      vertex   8.242857e+01 7.671010e+00 6.496985e+01
      vertex   8.071429e+01 7.750000e+00 6.493301e+01
      vertex   8.071429e+01 7.671010e+00 6.496985e+01
    endloop
  endfacet
  facet normal 7.823320e-14 2.588190e-01 9.659258e-01
    outer loop
      vertex   8.242857e+01 7.671010e+00 6.496985e+01
      vertex   8.071429e+01 7.671010e+00 6.496985e+01
      vertex   8.242857e+01 7.586824e+00 6.499240e+01
    endloop
  endfacet
  facet normal 8.436306e-14 2.588190e-01 9.659258e-01
    outer loop
      vertex   8.242857e+01 7.586824e+00 6.499240e+01
      vertex   8.071429e+01 7.671010e+00 6.496985e+01
      vertex   8.071429e+01 7.586824e+00 6.499240e+01
    endloop
  endfacet
  facet normal 8.402619e-14 8.715574e-02 9.961947e-01
    outer loop
      vertex   8.242857e+01 7.586824e+00 6.499240e+01
      vertex   8.071429e+01 7.586824e+00 6.499240e+01
      vertex   8.242857e+01 7.500000e+00 6.500000e+01
    endloop
  endfacet
  facet normal 9.156182e-14 8.715574e-02 9.961947e-01
    outer loop
      vertex   8.242857e+01 7.500000e+00 6.500000e+01
      vertex   8.071429e+01 7.586824e+00 6.499240e+01
      vertex   8.071429e+01 7.500000e+00 6.500000e+01
    endloop
  endfacet
  facet normal 9.011683e-14 -8.715574e-02 9.961947e-01
    outer loop
      vertex   8.242857e+01 7.500000e+00 6.500000e+01
      vertex   8.071429e+01 7.500000e+00 6.500000e+01
      vertex   8.242857e+01 7.413176e+00 6.499240e+01
    endloop
  endfacet
  facet normal 9.079417e-14 -8.715574e-02 9.961947e-01
    outer loop
      vertex   8.242857e+01 7.413176e+00 6.499240e+01
      vertex   8.071429e+01 7.500000e+00 6.500000e+01
      vertex   8.071429e+01 7.413176e+00 6.499240e+01
    endloop
  endfacet
  facet normal 8.794512e-14 -2.588190e-01 9.659258e-01
    outer loop
      vertex   8.242857e+01 7.413176e+00 6.499240e+01
      vertex   8.071429e+01 7.413176e+00 6.499240e+01
      vertex   8.242857e+01 7.328990e+00 6.496985e+01
    endloop
  endfacet
  facet normal 8.208345e-14 -2.588190e-01 9.659258e-01
    outer loop
      vertex   8.242857e+01 7.328990e+00 6.496985e+01
      vertex   8.071429e+01 7.413176e+00 6.499240e+01
      vertex   8.071429e+01 7.328990e+00 6.496985e+01
    endloop
  endfacet
  facet normal 7.841429e-14 -4.226183e-01 9.063078e-01
    outer loop
      vertex   8.242857e+01 7.328990e+00 6.496985e+01
      vertex   8.071429e+01 7.328990e+00 6.496985e+01
      vertex   8.242857e+01 7.250000e+00 6.493301e+01
    endloop
  endfacet
  facet normal 7.418570e-14 -4.226183e-01 9.063078e-01
    outer loop
      vertex   8.242857e+01 7.250000e+00 6.493301e+01
      vertex   8.071429e+01 7.328990e+00 6.496985e+01
      vertex   8.071429e+01 7.250000e+00 6.493301e+01
    endloop
  endfacet
  facet normal 7.002963e-14 -5.735764e-01 8.191520e-01
    outer loop
      vertex   8.242857e+01 7.250000e+00 6.493301e+01
      vertex   8.071429e+01 7.250000e+00 6.493301e+01
      vertex   8.242857e+01 7.178606e+00 6.488302e+01
    endloop
  endfacet
  facet normal 6.621086e-14 -5.735764e-01 8.191520e-01
    outer loop
      vertex   8.242857e+01 7.178606e+00 6.488302e+01
      vertex   8.071429e+01 7.250000e+00 6.493301e+01
      vertex   8.071429e+01 7.178606e+00 6.488302e+01
    endloop
  endfacet
  facet normal 6.154762e-14 -7.071068e-01 7.071068e-01
    outer loop
      vertex   8.242857e+01 7.178606e+00 6.488302e+01
      vertex   8.071429e+01 7.178606e+00 6.488302e+01
      vertex   8.242857e+01 7.116978e+00 6.482139e+01
    endloop
  endfacet
  facet normal 2.795664e-14 9.659258e-01 2.588190e-01
    outer loop
      vertex   8.242857e+01 7.992404e+00 6.458682e+01
      vertex   8.242857e+01 7.969846e+00 6.467101e+01
      vertex   8.414286e+01 7.969846e+00 6.467101e+01
    endloop
  endfacet
  facet normal 3.070125e-14 9.063078e-01 4.226183e-01
    outer loop
      vertex   8.414286e+01 7.969846e+00 6.467101e+01
      vertex   8.242857e+01 7.969846e+00 6.467101e+01
      vertex   8.414286e+01 7.933013e+00 6.475000e+01
    endloop
  endfacet
  facet normal 4.637815e-14 9.063078e-01 4.226183e-01
    outer loop
      vertex   8.414286e+01 7.969846e+00 6.467101e+01
      vertex   8.414286e+01 7.933013e+00 6.475000e+01
      vertex   8.585714e+01 7.933013e+00 6.475000e+01
    endloop
  endfacet
  facet normal 5.144646e-14 8.191520e-01 5.735764e-01
    outer loop
      vertex   8.585714e+01 7.933013e+00 6.475000e+01
      vertex   8.414286e+01 7.933013e+00 6.475000e+01
      vertex   8.585714e+01 7.883022e+00 6.482139e+01
    endloop
  endfacet
  facet normal 5.357086e-14 8.191520e-01 5.735764e-01
    outer loop
      vertex   8.585714e+01 7.933013e+00 6.475000e+01
      vertex   8.585714e+01 7.883022e+00 6.482139e+01
      vertex   8.757143e+01 7.883022e+00 6.482139e+01
    endloop
  endfacet
  facet normal 5.678501e-14 7.071068e-01 7.071068e-01
    outer loop
      vertex   8.757143e+01 7.883022e+00 6.482139e+01
      vertex   8.585714e+01 7.883022e+00 6.482139e+01
      vertex   8.757143e+01 7.821394e+00 6.488302e+01
    endloop
  endfacet
  facet normal 6.887350e-14 7.071068e-01 7.071068e-01
    outer loop
      vertex   8.757143e+01 7.883022e+00 6.482139e+01
      vertex   8.757143e+01 7.821394e+00 6.488302e+01
      vertex   8.928571e+01 7.821394e+00 6.488302e+01
    endloop
  endfacet
  facet normal 7.215431e-14 5.735764e-01 8.191520e-01
    outer loop
      vertex   8.928571e+01 7.821394e+00 6.488302e+01
      vertex   8.757143e+01 7.821394e+00 6.488302e+01
      vertex   8.928571e+01 7.750000e+00 6.493301e+01
    endloop
  endfacet
  facet normal 4.287315e-14 9.063078e-01 4.226183e-01
    outer loop
      vertex   8.414286e+01 7.933013e+00 6.475000e+01
      vertex   8.242857e+01 7.969846e+00 6.467101e+01
      vertex   8.242857e+01 7.933013e+00 6.475000e+01
    endloop
  endfacet
  facet normal 4.669171e-14 8.191520e-01 5.735764e-01
    outer loop
      vertex   8.414286e+01 7.933013e+00 6.475000e+01
      vertex   8.242857e+01 7.933013e+00 6.475000e+01
      vertex   8.414286e+01 7.883022e+00 6.482139e+01
    endloop
  endfacet
  facet normal 5.399290e-14 8.191520e-01 5.735764e-01
    outer loop
      vertex   8.414286e+01 7.883022e+00 6.482139e+01
      vertex   8.242857e+01 7.933013e+00 6.475000e+01
      vertex   8.242857e+01 7.883022e+00 6.482139e+01
    endloop
  endfacet
  facet normal 5.715137e-14 7.071068e-01 7.071068e-01
    outer loop
      vertex   8.414286e+01 7.883022e+00 6.482139e+01
      vertex   8.242857e+01 7.883022e+00 6.482139e+01
      vertex   8.414286e+01 7.821394e+00 6.488302e+01
    endloop
  endfacet
  facet normal 6.887472e-14 7.071068e-01 7.071068e-01
    outer loop
      vertex   8.414286e+01 7.821394e+00 6.488302e+01
      vertex   8.242857e+01 7.883022e+00 6.482139e+01
      vertex   8.242857e+01 7.821394e+00 6.488302e+01
    endloop
  endfacet
  facet normal 7.215431e-14 5.735764e-01 8.191520e-01
    outer loop
      vertex   8.414286e+01 7.821394e+00 6.488302e+01
      vertex   8.242857e+01 7.821394e+00 6.488302e+01
      vertex   8.414286e+01 7.750000e+00 6.493301e+01
    endloop
  endfacet
  facet normal 7.716177e-14 5.735764e-01 8.191520e-01
    outer loop
      vertex   8.414286e+01 7.750000e+00 6.493301e+01
      vertex   8.242857e+01 7.821394e+00 6.488302e+01
      vertex   8.242857e+01 7.750000e+00 6.493301e+01
    endloop
  endfacet
  facet normal 7.944075e-14 4.226183e-01 9.063078e-01
    outer loop
      vertex   8.414286e+01 7.750000e+00 6.493301e+01
      vertex   8.242857e+01 7.750000e+00 6.493301e+01
      vertex   8.414286e+01 7.671010e+00 6.496985e+01
    endloop
  endfacet
  facet normal 8.542101e-14 4.226183e-01 9.063078e-01
    outer loop
      vertex   8.414286e+01 7.671010e+00 6.496985e+01
      vertex   8.242857e+01 7.750000e+00 6.493301e+01
      vertex   8.242857e+01 7.671010e+00 6.496985e+01
    endloop
  endfacet
  facet normal 8.637449e-14 2.588190e-01 9.659258e-01
    outer loop
      vertex   8.414286e+01 7.671010e+00 6.496985e+01
      vertex   8.242857e+01 7.671010e+00 6.496985e+01
      vertex   8.414286e+01 7.586824e+00 6.499240e+01
    endloop
  endfacet
  facet normal 8.449716e-14 2.588190e-01 9.659258e-01
    outer loop
      vertex   8.414286e+01 7.586824e+00 6.499240e+01
      vertex   8.242857e+01 7.671010e+00 6.496985e+01
      vertex   8.242857e+01 7.586824e+00 6.499240e+01
    endloop
  endfacet
  facet normal 8.407135e-14 8.715574e-02 9.961947e-01
    outer loop
      vertex   8.414286e+01 7.586824e+00 6.499240e+01
      vertex   8.242857e+01 7.586824e+00 6.499240e+01
      vertex   8.414286e+01 7.500000e+00 6.500000e+01
    endloop
  endfacet
  facet normal 8.334885e-14 8.715574e-02 9.961947e-01
    outer loop
      vertex   8.414286e+01 7.500000e+00 6.500000e+01
      vertex   8.242857e+01 7.586824e+00 6.499240e+01
      vertex   8.242857e+01 7.500000e+00 6.500000e+01
    endloop
  endfacet
  facet normal 8.181356e-14 -8.715574e-02 9.961947e-01
    outer loop
      vertex   8.414286e+01 7.500000e+00 6.500000e+01
      vertex   8.242857e+01 7.500000e+00 6.500000e+01
      vertex   8.414286e+01 7.413176e+00 6.499240e+01
    endloop
  endfacet
  facet normal 9.074901e-14 -8.715574e-02 9.961947e-01
    outer loop
      vertex   8.414286e+01 7.413176e+00 6.499240e+01
      vertex   8.242857e+01 7.500000e+00 6.500000e+01
      vertex   8.242857e+01 7.413176e+00 6.499240e+01
    endloop
  endfacet
  facet normal 8.781103e-14 -2.588190e-01 9.659258e-01
    outer loop
      vertex   8.414286e+01 7.413176e+00 6.499240e+01
      vertex   8.242857e+01 7.413176e+00 6.499240e+01
      vertex   8.414286e+01 7.328990e+00 6.496985e+01
    endloop
  endfacet
  facet normal 8.194935e-14 -2.588190e-01 9.659258e-01
    outer loop
      vertex   8.414286e+01 7.328990e+00 6.496985e+01
      vertex   8.242857e+01 7.413176e+00 6.499240e+01
      vertex   8.242857e+01 7.328990e+00 6.496985e+01
    endloop
  endfacet
  facet normal 7.819533e-14 -4.226183e-01 9.063078e-01
    outer loop
      vertex   8.414286e+01 7.328990e+00 6.496985e+01
      vertex   8.242857e+01 7.328990e+00 6.496985e+01
      vertex   8.414286e+01 7.250000e+00 6.493301e+01
    endloop
  endfacet
  facet normal 8.147973e-14 -4.226183e-01 9.063078e-01
    outer loop
      vertex   8.414286e+01 7.250000e+00 6.493301e+01
      vertex   8.242857e+01 7.328990e+00 6.496985e+01
      vertex   8.242857e+01 7.250000e+00 6.493301e+01
    endloop
  endfacet
  facet normal 7.652296e-14 -5.735764e-01 8.191520e-01
    outer loop
      vertex   8.414286e+01 7.250000e+00 6.493301e+01
      vertex   8.242857e+01 7.250000e+00 6.493301e+01
      vertex   8.414286e+01 7.178606e+00 6.488302e+01
    endloop
  endfacet
  facet normal 7.300136e-14 -5.735764e-01 8.191520e-01
    outer loop
      vertex   8.414286e+01 7.178606e+00 6.488302e+01
      vertex   8.242857e+01 7.250000e+00 6.493301e+01
      vertex   8.242857e+01 7.178606e+00 6.488302e+01
    endloop
  endfacet
  facet normal 6.740930e-14 -7.071068e-01 7.071068e-01
    outer loop
      vertex   8.414286e+01 7.178606e+00 6.488302e+01
      vertex   8.242857e+01 7.178606e+00 6.488302e+01
      vertex   8.414286e+01 7.116978e+00 6.482139e+01
    endloop
  endfacet
  facet normal 6.411211e-14 -7.071068e-01 7.071068e-01
    outer loop
      vertex   8.414286e+01 7.116978e+00 6.482139e+01
      vertex   8.242857e+01 7.178606e+00 6.488302e+01
      vertex   8.242857e+01 7.116978e+00 6.482139e+01
    endloop
  endfacet
  facet normal 5.798514e-14 -8.191520e-01 5.735764e-01
    outer loop
      vertex   8.414286e+01 7.116978e+00 6.482139e+01
      vertex   8.242857e+01 7.116978e+00 6.482139e+01
      vertex   8.414286e+01 7.066987e+00 6.475000e+01
    endloop
  endfacet
  facet normal 5.832536e-14 8.191520e-01 5.735764e-01
    outer loop
      vertex   8.414286e+01 7.933013e+00 6.475000e+01
      vertex   8.414286e+01 7.883022e+00 6.482139e+01
      vertex   8.585714e+01 7.883022e+00 6.482139e+01
    endloop
  endfacet
  facet normal 6.264669e-14 7.071068e-01 7.071068e-01
    outer loop
      vertex   8.585714e+01 7.883022e+00 6.482139e+01
      vertex   8.414286e+01 7.883022e+00 6.482139e+01
      vertex   8.585714e+01 7.821394e+00 6.488302e+01
    endloop
  endfacet
  facet normal 6.301310e-14 7.071068e-01 7.071068e-01
    outer loop
      vertex   8.585714e+01 7.883022e+00 6.482139e+01
      vertex   8.585714e+01 7.821394e+00 6.488302e+01
      vertex   8.757143e+01 7.821394e+00 6.488302e+01
    endloop
  endfacet
  facet normal 6.536381e-14 5.735764e-01 8.191520e-01
    outer loop
      vertex   8.757143e+01 7.821394e+00 6.488302e+01
      vertex   8.585714e+01 7.821394e+00 6.488302e+01
      vertex   8.757143e+01 7.750000e+00 6.493301e+01
    endloop
  endfacet
  facet normal 7.096630e-14 5.735764e-01 8.191520e-01
    outer loop
      vertex   8.757143e+01 7.821394e+00 6.488302e+01
      vertex   8.757143e+01 7.750000e+00 6.493301e+01
      vertex   8.928571e+01 7.750000e+00 6.493301e+01
    endloop
  endfacet
  facet normal 7.236568e-14 4.226183e-01 9.063078e-01
    outer loop
      vertex   8.928571e+01 7.750000e+00 6.493301e+01
      vertex   8.757143e+01 7.750000e+00 6.493301e+01
      vertex   8.928571e+01 7.671010e+00 6.496985e+01
    endloop
  endfacet
  facet normal 6.850837e-14 7.071068e-01 7.071068e-01
    outer loop
      vertex   8.585714e+01 7.821394e+00 6.488302e+01
      vertex   8.414286e+01 7.883022e+00 6.482139e+01
      vertex   8.414286e+01 7.821394e+00 6.488302e+01
    endloop
  endfacet
  facet normal 7.185714e-14 5.735764e-01 8.191520e-01
    outer loop
      vertex   8.585714e+01 7.821394e+00 6.488302e+01
      vertex   8.414286e+01 7.821394e+00 6.488302e+01
      vertex   8.585714e+01 7.750000e+00 6.493301e+01
    endloop
  endfacet
  facet normal 7.775611e-14 5.735764e-01 8.191520e-01
    outer loop
      vertex   8.585714e+01 7.750000e+00 6.493301e+01
      vertex   8.414286e+01 7.821394e+00 6.488302e+01
      vertex   8.414286e+01 7.750000e+00 6.493301e+01
    endloop
  endfacet
  facet normal 7.987867e-14 4.226183e-01 9.063078e-01
    outer loop
      vertex   8.585714e+01 7.750000e+00 6.493301e+01
      vertex   8.414286e+01 7.750000e+00 6.493301e+01
      vertex   8.585714e+01 7.671010e+00 6.496985e+01
    endloop
  endfacet
  facet normal 8.498309e-14 4.226183e-01 9.063078e-01
    outer loop
      vertex   8.585714e+01 7.671010e+00 6.496985e+01
      vertex   8.414286e+01 7.750000e+00 6.493301e+01
      vertex   8.414286e+01 7.671010e+00 6.496985e+01
    endloop
  endfacet
  facet normal 8.610630e-14 2.588190e-01 9.659258e-01
    outer loop
      vertex   8.585714e+01 7.671010e+00 6.496985e+01
      vertex   8.414286e+01 7.671010e+00 6.496985e+01
      vertex   8.585714e+01 7.586824e+00 6.499240e+01
    endloop
  endfacet
  facet normal 9.237027e-14 2.588190e-01 9.659258e-01
    outer loop
      vertex   8.585714e+01 7.586824e+00 6.499240e+01
      vertex   8.414286e+01 7.671010e+00 6.496985e+01
      vertex   8.414286e+01 7.586824e+00 6.499240e+01
    endloop
  endfacet
  facet normal 9.228431e-14 8.715574e-02 9.961947e-01
    outer loop
      vertex   8.585714e+01 7.586824e+00 6.499240e+01
      vertex   8.414286e+01 7.586824e+00 6.499240e+01
      vertex   8.585714e+01 7.500000e+00 6.500000e+01
    endloop
  endfacet
  facet normal 9.991025e-14 8.715574e-02 9.961947e-01
    outer loop
      vertex   8.585714e+01 7.500000e+00 6.500000e+01
      vertex   8.414286e+01 7.586824e+00 6.499240e+01
      vertex   8.414286e+01 7.500000e+00 6.500000e+01
    endloop
  endfacet
  facet normal 9.828464e-14 -8.715574e-02 9.961947e-01
    outer loop
      vertex   8.585714e+01 7.500000e+00 6.500000e+01
      vertex   8.414286e+01 7.500000e+00 6.500000e+01
      vertex   8.585714e+01 7.413176e+00 6.499240e+01
    endloop
  endfacet
  facet normal 9.079417e-14 -8.715574e-02 9.961947e-01
    outer loop
      vertex   8.585714e+01 7.413176e+00 6.499240e+01
      vertex   8.414286e+01 7.500000e+00 6.500000e+01
      vertex   8.414286e+01 7.413176e+00 6.499240e+01
    endloop
  endfacet
  facet normal 8.794512e-14 -2.588190e-01 9.659258e-01
    outer loop
      vertex   8.585714e+01 7.413176e+00 6.499240e+01
      vertex   8.414286e+01 7.413176e+00 6.499240e+01
      vertex   8.585714e+01 7.328990e+00 6.496985e+01
    endloop
  endfacet
  facet normal 8.995655e-14 -2.588190e-01 9.659258e-01
    outer loop
      vertex   8.585714e+01 7.328990e+00 6.496985e+01
      vertex   8.414286e+01 7.413176e+00 6.499240e+01
      vertex   8.414286e+01 7.328990e+00 6.496985e+01
    endloop
  endfacet
  facet normal 8.570831e-14 -4.226183e-01 9.063078e-01
    outer loop
      vertex   8.585714e+01 7.328990e+00 6.496985e+01
      vertex   8.414286e+01 7.328990e+00 6.496985e+01
      vertex   8.585714e+01 7.250000e+00 6.493301e+01
    endloop
  endfacet
  facet normal 8.147973e-14 -4.226183e-01 9.063078e-01
    outer loop
      vertex   8.585714e+01 7.250000e+00 6.493301e+01
      vertex   8.414286e+01 7.328990e+00 6.496985e+01
      vertex   8.414286e+01 7.250000e+00 6.493301e+01
    endloop
  endfacet
  facet normal 7.652296e-14 -5.735764e-01 8.191520e-01
    outer loop
      vertex   8.585714e+01 7.250000e+00 6.493301e+01
      vertex   8.414286e+01 7.250000e+00 6.493301e+01
      vertex   8.585714e+01 7.178606e+00 6.488302e+01
    endloop
  endfacet
  facet normal 7.300136e-14 -5.735764e-01 8.191520e-01
    outer loop
      vertex   8.585714e+01 7.178606e+00 6.488302e+01
      vertex   8.414286e+01 7.250000e+00 6.493301e+01
      vertex   8.414286e+01 7.178606e+00 6.488302e+01
    endloop
  endfacet
  facet normal 6.740930e-14 -7.071068e-01 7.071068e-01
    outer loop
      vertex   8.585714e+01 7.178606e+00 6.488302e+01
      vertex   8.414286e+01 7.178606e+00 6.488302e+01
      vertex   8.585714e+01 7.116978e+00 6.482139e+01
    endloop
  endfacet
  facet normal 5.788408e-14 -7.071068e-01 7.071068e-01
    outer loop
      vertex   8.585714e+01 7.116978e+00 6.482139e+01
      vertex   8.414286e+01 7.178606e+00 6.488302e+01
      vertex   8.414286e+01 7.116978e+00 6.482139e+01
    endloop
  endfacet
  facet normal 5.280597e-14 -8.191520e-01 5.735764e-01
    outer loop
      vertex   8.585714e+01 7.116978e+00 6.482139e+01
      vertex   8.414286e+01 7.116978e+00 6.482139e+01
      vertex   8.585714e+01 7.066987e+00 6.475000e+01
    endloop
  endfacet
  facet normal 4.805122e-14 -8.191520e-01 5.735764e-01
    outer loop
      vertex   8.585714e+01 7.066987e+00 6.475000e+01
      vertex   8.414286e+01 7.116978e+00 6.482139e+01
      vertex   8.414286e+01 7.066987e+00 6.475000e+01
    endloop
  endfacet
  facet normal 4.262002e-14 -9.063078e-01 4.226183e-01
    outer loop
      vertex   8.585714e+01 7.066987e+00 6.475000e+01
      vertex   8.414286e+01 7.066987e+00 6.475000e+01
      vertex   8.585714e+01 7.030154e+00 6.467101e+01
    endloop
  endfacet
  facet normal 7.716050e-14 5.735764e-01 8.191520e-01
    outer loop
      vertex   8.585714e+01 7.821394e+00 6.488302e+01
      vertex   8.585714e+01 7.750000e+00 6.493301e+01
      vertex   8.757143e+01 7.750000e+00 6.493301e+01
    endloop
  endfacet
  facet normal 7.944075e-14 4.226183e-01 9.063078e-01
    outer loop
      vertex   8.757143e+01 7.750000e+00 6.493301e+01
      vertex   8.585714e+01 7.750000e+00 6.493301e+01
      vertex   8.757143e+01 7.671010e+00 6.496985e+01
    endloop
  endfacet
  facet normal 7.768878e-14 4.226183e-01 9.063078e-01
    outer loop
      vertex   8.757143e+01 7.750000e+00 6.493301e+01
      vertex   8.757143e+01 7.671010e+00 6.496985e+01
      vertex   8.928571e+01 7.671010e+00 6.496985e+01
    endloop
  endfacet
  facet normal 7.823320e-14 2.588190e-01 9.659258e-01
    outer loop
      vertex   8.928571e+01 7.671010e+00 6.496985e+01
      vertex   8.757143e+01 7.671010e+00 6.496985e+01
      vertex   8.928571e+01 7.586824e+00 6.499240e+01
    endloop
  endfacet
  facet normal 8.520205e-14 4.226183e-01 9.063078e-01
    outer loop
      vertex   8.757143e+01 7.671010e+00 6.496985e+01
      vertex   8.585714e+01 7.750000e+00 6.493301e+01
      vertex   8.585714e+01 7.671010e+00 6.496985e+01
    endloop
  endfacet
  facet normal 8.624040e-14 2.588190e-01 9.659258e-01
    outer loop
      vertex   8.757143e+01 7.671010e+00 6.496985e+01
      vertex   8.585714e+01 7.671010e+00 6.496985e+01
      vertex   8.757143e+01 7.586824e+00 6.499240e+01
    endloop
  endfacet
  facet normal 8.449716e-14 2.588190e-01 9.659258e-01
    outer loop
      vertex   8.757143e+01 7.586824e+00 6.499240e+01
      vertex   8.585714e+01 7.671010e+00 6.496985e+01
      vertex   8.585714e+01 7.586824e+00 6.499240e+01
    endloop
  endfacet
  facet normal 8.407135e-14 8.715574e-02 9.961947e-01
    outer loop
      vertex   8.757143e+01 7.586824e+00 6.499240e+01
      vertex   8.585714e+01 7.586824e+00 6.499240e+01
      vertex   8.757143e+01 7.500000e+00 6.500000e+01
    endloop
  endfacet
  facet normal 8.334885e-14 8.715574e-02 9.961947e-01
    outer loop
      vertex   8.757143e+01 7.500000e+00 6.500000e+01
      vertex   8.585714e+01 7.586824e+00 6.499240e+01
      vertex   8.585714e+01 7.500000e+00 6.500000e+01
    endloop
  endfacet
  facet normal 8.181356e-14 -8.715574e-02 9.961947e-01
    outer loop
      vertex   8.757143e+01 7.500000e+00 6.500000e+01
      vertex   8.585714e+01 7.500000e+00 6.500000e+01
      vertex   8.757143e+01 7.413176e+00 6.499240e+01
    endloop
  endfacet
  facet normal 8.253605e-14 -8.715574e-02 9.961947e-01
    outer loop
      vertex   8.757143e+01 7.413176e+00 6.499240e+01
      vertex   8.585714e+01 7.500000e+00 6.500000e+01
      vertex   8.585714e+01 7.413176e+00 6.499240e+01
    endloop
  endfacet
  facet normal 7.993792e-14 -2.588190e-01 9.659258e-01
    outer loop
      vertex   8.757143e+01 7.413176e+00 6.499240e+01
      vertex   8.585714e+01 7.413176e+00 6.499240e+01
      vertex   8.757143e+01 7.328990e+00 6.496985e+01
    endloop
  endfacet
  facet normal 9.022474e-14 -2.588190e-01 9.659258e-01
    outer loop
      vertex   8.757143e+01 7.328990e+00 6.496985e+01
      vertex   8.585714e+01 7.413176e+00 6.499240e+01
      vertex   8.585714e+01 7.328990e+00 6.496985e+01
    endloop
  endfacet
  facet normal 8.614623e-14 -4.226183e-01 9.063078e-01
    outer loop
      vertex   8.757143e+01 7.328990e+00 6.496985e+01
      vertex   8.585714e+01 7.328990e+00 6.496985e+01
      vertex   8.757143e+01 7.250000e+00 6.493301e+01
    endloop
  endfacet
  facet normal 8.126077e-14 -4.226183e-01 9.063078e-01
    outer loop
      vertex   8.757143e+01 7.250000e+00 6.493301e+01
      vertex   8.585714e+01 7.328990e+00 6.496985e+01
      vertex   8.585714e+01 7.250000e+00 6.493301e+01
    endloop
  endfacet
  facet normal 7.622579e-14 -5.735764e-01 8.191520e-01
    outer loop
      vertex   8.757143e+01 7.250000e+00 6.493301e+01
      vertex   8.585714e+01 7.250000e+00 6.493301e+01
      vertex   8.757143e+01 7.178606e+00 6.488302e+01
    endloop
  endfacet
  facet normal 7.300136e-14 -5.735764e-01 8.191520e-01
    outer loop
      vertex   8.757143e+01 7.178606e+00 6.488302e+01
      vertex   8.585714e+01 7.250000e+00 6.493301e+01
      vertex   8.585714e+01 7.178606e+00 6.488302e+01
    endloop
  endfacet
  facet normal 6.740930e-14 -7.071068e-01 7.071068e-01
    outer loop
      vertex   8.757143e+01 7.178606e+00 6.488302e+01
      vertex   8.585714e+01 7.178606e+00 6.488302e+01
      vertex   8.757143e+01 7.116978e+00 6.482139e+01
    endloop
  endfacet
  facet normal 5.788408e-14 -7.071068e-01 7.071068e-01
    outer loop
      vertex   8.757143e+01 7.116978e+00 6.482139e+01
      vertex   8.585714e+01 7.178606e+00 6.488302e+01
      vertex   8.585714e+01 7.116978e+00 6.482139e+01
    endloop
  endfacet
  facet normal 5.280597e-14 -8.191520e-01 5.735764e-01
    outer loop
      vertex   8.757143e+01 7.116978e+00 6.482139e+01
      vertex   8.585714e+01 7.116978e+00 6.482139e+01
      vertex   8.757143e+01 7.066987e+00 6.475000e+01
    endloop
  endfacet
  facet normal 4.847562e-14 -8.191520e-01 5.735764e-01
    outer loop
      vertex   8.757143e+01 7.066987e+00 6.475000e+01
      vertex   8.585714e+01 7.116978e+00 6.482139e+01
      vertex   8.585714e+01 7.066987e+00 6.475000e+01
    endloop
  endfacet
  facet normal 4.308959e-14 -9.063078e-01 4.226183e-01
    outer loop
      vertex   8.757143e+01 7.066987e+00 6.475000e+01
      vertex   8.585714e+01 7.066987e+00 6.475000e+01
      vertex   8.757143e+01 7.030154e+00 6.467101e+01
    endloop
  endfacet
  facet normal 3.185680e-14 -9.063078e-01 4.226183e-01
    outer loop
      vertex   8.757143e+01 7.030154e+00 6.467101e+01
      vertex   8.585714e+01 7.066987e+00 6.475000e+01
      vertex   8.585714e+01 7.030154e+00 6.467101e+01
    endloop
  endfacet
  facet normal 2.759920e-14 -9.659258e-01 2.588190e-01
    outer loop
      vertex   8.757143e+01 7.030154e+00 6.467101e+01
      vertex   8.585714e+01 7.030154e+00 6.467101e+01
      vertex   8.757143e+01 7.007596e+00 6.458682e+01
    endloop
  endfacet
  facet normal 8.402594e-14 8.715574e-02 9.961947e-01
    outer loop
      vertex   8.928571e+01 7.500000e+00 6.500000e+01
      vertex   8.928571e+01 7.586824e+00 6.499240e+01
      vertex   8.757143e+01 7.586824e+00 6.499240e+01
    endloop
  endfacet
  facet normal 8.436306e-14 2.588190e-01 9.659258e-01
    outer loop
      vertex   8.757143e+01 7.586824e+00 6.499240e+01
      vertex   8.928571e+01 7.586824e+00 6.499240e+01
      vertex   8.757143e+01 7.671010e+00 6.496985e+01
    endloop
  endfacet
  facet normal 9.156182e-14 8.715574e-02 9.961947e-01
    outer loop
      vertex   8.928571e+01 7.500000e+00 6.500000e+01
      vertex   8.757143e+01 7.586824e+00 6.499240e+01
      vertex   8.757143e+01 7.500000e+00 6.500000e+01
    endloop
  endfacet
  facet normal 9.011710e-14 -8.715574e-02 9.961947e-01
    outer loop
      vertex   8.928571e+01 7.413176e+00 6.499240e+01
      vertex   8.928571e+01 7.500000e+00 6.500000e+01
      vertex   8.757143e+01 7.500000e+00 6.500000e+01
    endloop
  endfacet
  facet normal 9.083933e-14 -8.715574e-02 9.961947e-01
    outer loop
      vertex   8.928571e+01 7.413176e+00 6.499240e+01
      vertex   8.757143e+01 7.500000e+00 6.500000e+01
      vertex   8.757143e+01 7.413176e+00 6.499240e+01
    endloop
  endfacet
  facet normal 8.808018e-14 -2.588190e-01 9.659258e-01
    outer loop
      vertex   8.928571e+01 7.328990e+00 6.496985e+01
      vertex   8.928571e+01 7.413176e+00 6.499240e+01
      vertex   8.757143e+01 7.413176e+00 6.499240e+01
    endloop
  endfacet
  facet normal 8.181526e-14 -2.588190e-01 9.659258e-01
    outer loop
      vertex   8.928571e+01 7.328990e+00 6.496985e+01
      vertex   8.757143e+01 7.413176e+00 6.499240e+01
      vertex   8.757143e+01 7.328990e+00 6.496985e+01
    endloop
  endfacet
  facet normal 7.797614e-14 -4.226183e-01 9.063078e-01
    outer loop
      vertex   8.928571e+01 7.250000e+00 6.493301e+01
      vertex   8.928571e+01 7.328990e+00 6.496985e+01
      vertex   8.757143e+01 7.328990e+00 6.496985e+01
    endloop
  endfacet
  facet normal 7.418570e-14 -4.226183e-01 9.063078e-01
    outer loop
      vertex   8.928571e+01 7.250000e+00 6.493301e+01
      vertex   8.757143e+01 7.328990e+00 6.496985e+01
      vertex   8.757143e+01 7.250000e+00 6.493301e+01
    endloop
  endfacet
  facet normal 7.002875e-14 -5.735764e-01 8.191520e-01
    outer loop
      vertex   8.928571e+01 7.178606e+00 6.488302e+01
      vertex   8.928571e+01 7.250000e+00 6.493301e+01
      vertex   8.757143e+01 7.250000e+00 6.493301e+01
    endloop
  endfacet
  facet normal 6.680521e-14 -5.735764e-01 8.191520e-01
    outer loop
      vertex   8.928571e+01 7.178606e+00 6.488302e+01
      vertex   8.757143e+01 7.250000e+00 6.493301e+01
      vertex   8.757143e+01 7.178606e+00 6.488302e+01
    endloop
  endfacet
  facet normal 6.228164e-14 -7.071068e-01 7.071068e-01
    outer loop
      vertex   8.928571e+01 7.116978e+00 6.482139e+01
      vertex   8.928571e+01 7.178606e+00 6.488302e+01
      vertex   8.757143e+01 7.178606e+00 6.488302e+01
    endloop
  endfacet
  facet normal 6.374575e-14 -7.071068e-01 7.071068e-01
    outer loop
      vertex   8.928571e+01 7.116978e+00 6.482139e+01
      vertex   8.757143e+01 7.178606e+00 6.488302e+01
      vertex   8.757143e+01 7.116978e+00 6.482139e+01
    endloop
  endfacet
  facet normal 5.756197e-14 -8.191520e-01 5.735764e-01
    outer loop
      vertex   8.928571e+01 7.066987e+00 6.475000e+01
      vertex   8.928571e+01 7.116978e+00 6.482139e+01
      vertex   8.757143e+01 7.116978e+00 6.482139e+01
    endloop
  endfacet
  facet normal 4.720240e-14 -8.191520e-01 5.735764e-01
    outer loop
      vertex   8.928571e+01 7.066987e+00 6.475000e+01
      vertex   8.757143e+01 7.116978e+00 6.482139e+01
      vertex   8.757143e+01 7.066987e+00 6.475000e+01
    endloop
  endfacet
  facet normal 4.168171e-14 -9.063078e-01 4.226183e-01
    outer loop
      vertex   8.928571e+01 7.030154e+00 6.467101e+01
      vertex   8.928571e+01 7.066987e+00 6.475000e+01
      vertex   8.757143e+01 7.066987e+00 6.475000e+01
    endloop
  endfacet
  facet normal 3.185680e-14 -9.063078e-01 4.226183e-01
    outer loop
      vertex   8.928571e+01 7.030154e+00 6.467101e+01
      vertex   8.757143e+01 7.066987e+00 6.475000e+01
      vertex   8.757143e+01 7.030154e+00 6.467101e+01
    endloop
  endfacet
  facet normal 2.759962e-14 -9.659258e-01 2.588190e-01
    outer loop
      vertex   8.928571e+01 7.007596e+00 6.458682e+01
      vertex   8.928571e+01 7.030154e+00 6.467101e+01
      vertex   8.757143e+01 7.030154e+00 6.467101e+01
    endloop
  endfacet
  facet normal 1.580140e-14 -9.659258e-01 2.588190e-01
    outer loop
      vertex   8.928571e+01 7.007596e+00 6.458682e+01
      vertex   8.757143e+01 7.030154e+00 6.467101e+01
      vertex   8.757143e+01 7.007596e+00 6.458682e+01
    endloop
  endfacet
  facet normal 1.000000e+00 -0.000000e+00 3.273482e-13
    outer loop
      vertex   9.100000e+01 7.000000e+00 6.450000e+01
      vertex   9.100000e+01 8.000000e+00 6.450000e+01
      vertex   9.100000e+01 7.007596e+00 6.458682e+01
    endloop
  endfacet
  facet normal 1.000000e+00 -0.000000e+00 3.273482e-13
    outer loop
      vertex   9.100000e+01 7.007596e+00 6.458682e+01
      vertex   9.100000e+01 8.000000e+00 6.450000e+01
      vertex   9.100000e+01 7.992404e+00 6.458682e+01
    endloop
  endfacet
  facet normal 1.000000e+00 0.000000e+00 -3.376062e-13
    outer loop
      vertex   9.100000e+01 7.007596e+00 6.458682e+01
      vertex   9.100000e+01 7.992404e+00 6.458682e+01
      vertex   9.100000e+01 7.030154e+00 6.467101e+01
    endloop
  endfacet
  facet normal 1.000000e+00 3.024575e-14 8.104325e-15
    outer loop
      vertex   9.100000e+01 7.030154e+00 6.467101e+01
      vertex   9.100000e+01 7.992404e+00 6.458682e+01
      vertex   9.100000e+01 7.969846e+00 6.467101e+01
    endloop
  endfacet
  facet normal 1.000000e+00 3.024575e-14 -1.940110e-13
    outer loop
      vertex   9.100000e+01 7.030154e+00 6.467101e+01
      vertex   9.100000e+01 7.969846e+00 6.467101e+01
      vertex   9.100000e+01 7.066987e+00 6.475000e+01
    endloop
  endfacet
  facet normal 1.000000e+00 1.640928e-14 -3.521626e-13
    outer loop
      vertex   9.100000e+01 7.066987e+00 6.475000e+01
      vertex   9.100000e+01 7.969846e+00 6.467101e+01
      vertex   9.100000e+01 7.933013e+00 6.475000e+01
    endloop
  endfacet
  facet normal 1.000000e+00 1.640928e-14 -1.148990e-14
    outer loop
      vertex   9.100000e+01 7.066987e+00 6.475000e+01
      vertex   9.100000e+01 7.933013e+00 6.475000e+01
      vertex   9.100000e+01 7.116978e+00 6.482139e+01
    endloop
  endfacet
  facet normal 1.000000e+00 1.855095e-14 1.298952e-14
    outer loop
      vertex   9.100000e+01 7.116978e+00 6.482139e+01
      vertex   9.100000e+01 7.933013e+00 6.475000e+01
      vertex   9.100000e+01 7.883022e+00 6.482139e+01
    endloop
  endfacet
  facet normal 1.000000e+00 1.855095e-14 -1.855095e-14
    outer loop
      vertex   9.100000e+01 7.116978e+00 6.482139e+01
      vertex   9.100000e+01 7.883022e+00 6.482139e+01
      vertex   9.100000e+01 7.178606e+00 6.488302e+01
    endloop
  endfacet
  facet normal 1.000000e+00 2.210817e-14 2.210817e-14
    outer loop
      vertex   9.100000e+01 7.178606e+00 6.488302e+01
      vertex   9.100000e+01 7.883022e+00 6.482139e+01
      vertex   9.100000e+01 7.821394e+00 6.488302e+01
    endloop
  endfacet
  facet normal 1.000000e+00 2.210817e-14 -3.157373e-14
    outer loop
      vertex   9.100000e+01 7.178606e+00 6.488302e+01
      vertex   9.100000e+01 7.821394e+00 6.488302e+01
      vertex   9.100000e+01 7.250000e+00 6.493301e+01
    endloop
  endfacet
  facet normal 1.000000e+00 2.842171e-14 4.059041e-14
    outer loop
      vertex   9.100000e+01 7.250000e+00 6.493301e+01
      vertex   9.100000e+01 7.821394e+00 6.488302e+01
      vertex   9.100000e+01 7.750000e+00 6.493301e+01
    endloop
  endfacet
  facet normal 1.000000e+00 2.842171e-14 -4.467627e-13
    outer loop
      vertex   9.100000e+01 7.250000e+00 6.493301e+01
      vertex   9.100000e+01 7.750000e+00 6.493301e+01
      vertex   9.100000e+01 7.328990e+00 6.496985e+01
    endloop
  endfacet
  facet normal 1.000000e+00 4.154976e-14 -2.967084e-13
    outer loop
      vertex   9.100000e+01 7.328990e+00 6.496985e+01
      vertex   9.100000e+01 7.750000e+00 6.493301e+01
      vertex   9.100000e+01 7.671010e+00 6.496985e+01
    endloop
  endfacet
  facet normal 1.000000e+00 4.154976e-14 4.749159e-13
    outer loop
      vertex   9.100000e+01 7.328990e+00 6.496985e+01
      vertex   9.100000e+01 7.671010e+00 6.496985e+01
      vertex   9.100000e+01 7.413176e+00 6.499240e+01
    endloop
  endfacet
  facet normal 1.000000e+00 -0.000000e+00 0.000000e+00
    outer loop
      vertex   9.100000e+01 7.413176e+00 6.499240e+01
      vertex   9.100000e+01 7.671010e+00 6.496985e+01
      vertex   9.100000e+01 7.586824e+00 6.499240e+01
    endloop
  endfacet
  facet normal 1.000000e+00 0.000000e+00 0.000000e+00
    outer loop
      vertex   9.100000e+01 7.413176e+00 6.499240e+01
      vertex   9.100000e+01 7.586824e+00 6.499240e+01
      vertex   9.100000e+01 7.500000e+00 6.500000e+01
    endloop
  endfacet
  facet normal -1.000000e+00 0.000000e+00 0.000000e+00
    outer loop
      vertex   7.900000e+01 7.000000e+00 1.500000e+00
      vertex   7.900000e+01 8.000000e+00 1.500000e+00
      vertex   7.900000e+01 7.007596e+00 1.413176e+00
    endloop
  endfacet
  facet normal -1.000000e+00 0.000000e+00 0.000000e+00
    outer loop
      vertex   7.900000e+01 7.007596e+00 1.413176e+00
      vertex   7.900000e+01 8.000000e+00 1.500000e+00
      vertex   7.900000e+01 7.992404e+00 1.413176e+00
    endloop
  endfacet
  facet normal -1.000000e+00 0.000000e+00 0.000000e+00
    outer loop
      vertex   7.900000e+01 7.007596e+00 1.413176e+00
      vertex   7.900000e+01 7.992404e+00 1.413176e+00
      vertex   7.900000e+01 7.030154e+00 1.328990e+00
    endloop
  endfacet
  facet normal -1.000000e+00 0.000000e+00 0.000000e+00
    outer loop
      vertex   7.900000e+01 7.030154e+00 1.328990e+00
      vertex   7.900000e+01 7.992404e+00 1.413176e+00
      vertex   7.900000e+01 7.969846e+00 1.328990e+00
    endloop
  endfacet
  facet normal -1.000000e+00 0.000000e+00 0.000000e+00
    outer loop
      vertex   7.900000e+01 7.030154e+00 1.328990e+00
      vertex   7.900000e+01 7.969846e+00 1.328990e+00
      vertex   7.900000e+01 7.066987e+00 1.250000e+00
    endloop
  endfacet
  facet normal -1.000000e+00 0.000000e+00 0.000000e+00
    outer loop
      vertex   7.900000e+01 7.066987e+00 1.250000e+00
      vertex   7.900000e+01 7.969846e+00 1.328990e+00
      vertex   7.900000e+01 7.933013e+00 1.250000e+00
    endloop
  endfacet
  facet normal -1.000000e+00 0.000000e+00 0.000000e+00
    outer loop
      vertex   7.900000e+01 7.066987e+00 1.250000e+00
      vertex   7.900000e+01 7.933013e+00 1.250000e+00
      vertex   7.900000e+01 7.116978e+00 1.178606e+00
    endloop
  endfacet
  facet normal -1.000000e+00 0.000000e+00 0.000000e+00
    outer loop
      vertex   7.900000e+01 7.116978e+00 1.178606e+00
      vertex   7.900000e+01 7.933013e+00 1.250000e+00
      vertex   7.900000e+01 7.883022e+00 1.178606e+00
    endloop
  endfacet
  facet normal -1.000000e+00 0.000000e+00 0.000000e+00
    outer loop
      vertex   7.900000e+01 7.116978e+00 1.178606e+00
      vertex   7.900000e+01 7.883022e+00 1.178606e+00
      vertex   7.900000e+01 7.178606e+00 1.116978e+00
    endloop
  endfacet
  facet normal -1.000000e+00 0.000000e+00 0.000000e+00
    outer loop
      vertex   7.900000e+01 7.178606e+00 1.116978e+00
      vertex   7.900000e+01 7.883022e+00 1.178606e+00
      vertex   7.900000e+01 7.821394e+00 1.116978e+00
    endloop
  endfacet
  facet normal -1.000000e+00 0.000000e+00 0.000000e+00
    outer loop
      vertex   7.900000e+01 7.178606e+00 1.116978e+00
      vertex   7.900000e+01 7.821394e+00 1.116978e+00
      vertex   7.900000e+01 7.250000e+00 1.066987e+00
    endloop
  endfacet
  facet normal -1.000000e+00 0.000000e+00 0.000000e+00
    outer loop
      vertex   7.900000e+01 7.250000e+00 1.066987e+00
      vertex   7.900000e+01 7.821394e+00 1.116978e+00
      vertex   7.900000e+01 7.750000e+00 1.066987e+00
    endloop
  endfacet
  facet normal -1.000000e+00 0.000000e+00 0.000000e+00
    outer loop
      vertex   7.900000e+01 7.250000e+00 1.066987e+00
      vertex   7.900000e+01 7.750000e+00 1.066987e+00
      vertex   7.900000e+01 7.328990e+00 1.030154e+00
    endloop
  endfacet
  facet normal -1.000000e+00 0.000000e+00 0.000000e+00
    outer loop
      vertex   7.900000e+01 7.328990e+00 1.030154e+00
      vertex   7.900000e+01 7.750000e+00 1.066987e+00
      vertex   7.900000e+01 7.671010e+00 1.030154e+00
    endloop
  endfacet
  facet normal -1.000000e+00 0.000000e+00 0.000000e+00
    outer loop
      vertex   7.900000e+01 7.328990e+00 1.030154e+00
      vertex   7.900000e+01 7.671010e+00 1.030154e+00
      vertex   7.900000e+01 7.413176e+00 1.007596e+00
    endloop
  endfacet
  facet normal -1.000000e+00 0.000000e+00 0.000000e+00
    outer loop
      vertex   7.900000e+01 7.413176e+00 1.007596e+00
      vertex   7.900000e+01 7.671010e+00 1.030154e+00
      vertex   7.900000e+01 7.586824e+00 1.007596e+00
    endloop
  endfacet
  facet normal -1.000000e+00 0.000000e+00 0.000000e+00
    outer loop
      vertex   7.900000e+01 7.413176e+00 1.007596e+00
      vertex   7.900000e+01 7.586824e+00 1.007596e+00
      vertex   7.900000e+01 7.500000e+00 1.000000e+00
    endloop
  endfacet
  facet normal 1.043554e-15 -9.961947e-01 -8.715574e-02
    outer loop
      vertex   7.900000e+01 7.007596e+00 1.413176e+00
      vertex   8.071429e+01 7.007596e+00 1.413176e+00
      vertex   7.900000e+01 7.000000e+00 1.500000e+00
    endloop
  endfacet
  facet normal -4.934464e-16 -9.961947e-01 -8.715574e-02
    outer loop
      vertex   7.900000e+01 7.000000e+00 1.500000e+00
      vertex   8.071429e+01 7.007596e+00 1.413176e+00
      vertex   8.242857e+01 7.007596e+00 1.413176e+00
    endloop
  endfacet
  facet normal 0.000000e+00 -9.961947e-01 -8.715574e-02
    outer loop
      vertex   7.900000e+01 7.000000e+00 1.500000e+00
      vertex   8.242857e+01 7.007596e+00 1.413176e+00
      vertex   8.414286e+01 7.007596e+00 1.413176e+00
    endloop
  endfacet
  facet normal -0.000000e+00 -9.659258e-01 -2.588190e-01
    outer loop
      vertex   8.414286e+01 7.007596e+00 1.413176e+00
      vertex   8.242857e+01 7.007596e+00 1.413176e+00
      vertex   8.414286e+01 7.030154e+00 1.328990e+00
    endloop
  endfacet
  facet normal 0.000000e+00 -9.659258e-01 -2.588190e-01
    outer loop
      vertex   8.414286e+01 7.007596e+00 1.413176e+00
      vertex   8.414286e+01 7.030154e+00 1.328990e+00
      vertex   8.585714e+01 7.030154e+00 1.328990e+00
    endloop
  endfacet
  facet normal -0.000000e+00 -9.063078e-01 -4.226183e-01
    outer loop
      vertex   8.585714e+01 7.030154e+00 1.328990e+00
      vertex   8.414286e+01 7.030154e+00 1.328990e+00
      vertex   8.585714e+01 7.066987e+00 1.250000e+00
    endloop
  endfacet
  facet normal 0.000000e+00 -9.063078e-01 -4.226183e-01
    outer loop
      vertex   8.585714e+01 7.030154e+00 1.328990e+00
      vertex   8.585714e+01 7.066987e+00 1.250000e+00
      vertex   8.757143e+01 7.066987e+00 1.250000e+00
    endloop
  endfacet
  facet normal -0.000000e+00 -8.191520e-01 -5.735764e-01
    outer loop
      vertex   8.757143e+01 7.066987e+00 1.250000e+00
      vertex   8.585714e+01 7.066987e+00 1.250000e+00
      vertex   8.757143e+01 7.116978e+00 1.178606e+00
    endloop
  endfacet
  facet normal 0.000000e+00 -8.191520e-01 -5.735764e-01
    outer loop
      vertex   8.757143e+01 7.066987e+00 1.250000e+00
      vertex   8.757143e+01 7.116978e+00 1.178606e+00
      vertex   8.928571e+01 7.116978e+00 1.178606e+00
    endloop
  endfacet
  facet normal -0.000000e+00 -7.071068e-01 -7.071068e-01
    outer loop
      vertex   8.928571e+01 7.116978e+00 1.178606e+00
      vertex   8.757143e+01 7.116978e+00 1.178606e+00
      vertex   8.928571e+01 7.178606e+00 1.116978e+00
    endloop
  endfacet
  facet normal 8.998140e-17 -7.071068e-01 -7.071068e-01
    outer loop
      vertex   8.928571e+01 7.116978e+00 1.178606e+00
      vertex   8.928571e+01 7.178606e+00 1.116978e+00
      vertex   9.100000e+01 7.178606e+00 1.116978e+00
    endloop
  endfacet
  facet normal 1.061015e-16 -5.735764e-01 -8.191520e-01
    outer loop
      vertex   9.100000e+01 7.178606e+00 1.116978e+00
      vertex   8.928571e+01 7.178606e+00 1.116978e+00
      vertex   9.100000e+01 7.250000e+00 1.066987e+00
    endloop
  endfacet
  facet normal -0.000000e+00 -5.735764e-01 -8.191520e-01
    outer loop
      vertex   9.100000e+01 7.250000e+00 1.066987e+00
      vertex   8.928571e+01 7.178606e+00 1.116978e+00
      vertex   8.928571e+01 7.250000e+00 1.066987e+00
    endloop
  endfacet
  facet normal -0.000000e+00 -4.226183e-01 -9.063078e-01
    outer loop
      vertex   9.100000e+01 7.250000e+00 1.066987e+00
      vertex   8.928571e+01 7.250000e+00 1.066987e+00
      vertex   9.100000e+01 7.328990e+00 1.030154e+00
    endloop
  endfacet
  facet normal -0.000000e+00 -4.226183e-01 -9.063078e-01
    outer loop
      vertex   9.100000e+01 7.328990e+00 1.030154e+00
      vertex   8.928571e+01 7.250000e+00 1.066987e+00
      vertex   8.928571e+01 7.328990e+00 1.030154e+00
    endloop
  endfacet
  facet normal -0.000000e+00 -2.588190e-01 -9.659258e-01
    outer loop
      vertex   9.100000e+01 7.328990e+00 1.030154e+00
      vertex   8.928571e+01 7.328990e+00 1.030154e+00
      vertex   9.100000e+01 7.413176e+00 1.007596e+00
    endloop
  endfacet
  facet normal -0.000000e+00 -2.588190e-01 -9.659258e-01
    outer loop
      vertex   9.100000e+01 7.413176e+00 1.007596e+00
      vertex   8.928571e+01 7.328990e+00 1.030154e+00
      vertex   8.928571e+01 7.413176e+00 1.007596e+00
    endloop
  endfacet
  facet normal -0.000000e+00 -8.715574e-02 -9.961947e-01
    outer loop
      vertex   9.100000e+01 7.413176e+00 1.007596e+00
      vertex   8.928571e+01 7.413176e+00 1.007596e+00
      vertex   9.100000e+01 7.500000e+00 1.000000e+00
    endloop
  endfacet
  facet normal -0.000000e+00 -8.715574e-02 -9.961947e-01
    outer loop
      vertex   9.100000e+01 7.500000e+00 1.000000e+00
      vertex   8.928571e+01 7.413176e+00 1.007596e+00
      vertex   8.928571e+01 7.500000e+00 1.000000e+00
    endloop
  endfacet
  facet normal 0.000000e+00 8.715574e-02 -9.961947e-01
    outer loop
      vertex   9.100000e+01 7.500000e+00 1.000000e+00
      vertex   8.928571e+01 7.500000e+00 1.000000e+00
      vertex   9.100000e+01 7.586824e+00 1.007596e+00
    endloop
  endfacet
  facet normal 0.000000e+00 8.715574e-02 -9.961947e-01
    outer loop
      vertex   9.100000e+01 7.586824e+00 1.007596e+00
      vertex   8.928571e+01 7.500000e+00 1.000000e+00
      vertex   8.928571e+01 7.586824e+00 1.007596e+00
    endloop
  endfacet
  facet normal 0.000000e+00 2.588190e-01 -9.659258e-01
    outer loop
      vertex   9.100000e+01 7.586824e+00 1.007596e+00
      vertex   8.928571e+01 7.586824e+00 1.007596e+00
      vertex   9.100000e+01 7.671010e+00 1.030154e+00
    endloop
  endfacet
  facet normal 1.251125e-16 2.588190e-01 -9.659258e-01
    outer loop
      vertex   9.100000e+01 7.671010e+00 1.030154e+00
      vertex   8.928571e+01 7.586824e+00 1.007596e+00
      vertex   8.928571e+01 7.671010e+00 1.030154e+00
    endloop
  endfacet
  facet normal 1.173904e-16 4.226183e-01 -9.063078e-01
    outer loop
      vertex   9.100000e+01 7.671010e+00 1.030154e+00
      vertex   8.928571e+01 7.671010e+00 1.030154e+00
      vertex   9.100000e+01 7.750000e+00 1.066987e+00
    endloop
  endfacet
  facet normal 0.000000e+00 4.226183e-01 -9.063078e-01
    outer loop
      vertex   9.100000e+01 7.750000e+00 1.066987e+00
      vertex   8.928571e+01 7.671010e+00 1.030154e+00
      vertex   8.928571e+01 7.750000e+00 1.066987e+00
    endloop
  endfacet
  facet normal 0.000000e+00 5.735764e-01 -8.191520e-01
    outer loop
      vertex   9.100000e+01 7.750000e+00 1.066987e+00
      vertex   8.928571e+01 7.750000e+00 1.066987e+00
      vertex   9.100000e+01 7.821394e+00 1.116978e+00
    endloop
  endfacet
  facet normal -1.061015e-16 5.735764e-01 -8.191520e-01
    outer loop
      vertex   9.100000e+01 7.821394e+00 1.116978e+00
      vertex   8.928571e+01 7.750000e+00 1.066987e+00
      vertex   8.928571e+01 7.821394e+00 1.116978e+00
    endloop
  endfacet
  facet normal -9.158873e-17 7.071068e-01 -7.071068e-01
    outer loop
      vertex   9.100000e+01 7.821394e+00 1.116978e+00
      vertex   8.928571e+01 7.821394e+00 1.116978e+00
      vertex   9.100000e+01 7.883022e+00 1.178606e+00
    endloop
  endfacet
  facet normal -9.158873e-17 7.071068e-01 -7.071068e-01
    outer loop
      vertex   9.100000e+01 7.883022e+00 1.178606e+00
      vertex   8.928571e+01 7.821394e+00 1.116978e+00
      vertex   8.928571e+01 7.883022e+00 1.178606e+00
    endloop
  endfacet
  facet normal -7.429307e-17 8.191520e-01 -5.735764e-01
    outer loop
      vertex   9.100000e+01 7.883022e+00 1.178606e+00
      vertex   8.928571e+01 7.883022e+00 1.178606e+00
      vertex   9.100000e+01 7.933013e+00 1.250000e+00
    endloop
  endfacet
  facet normal 9.231051e-16 8.191520e-01 -5.735764e-01
    outer loop
      vertex   9.100000e+01 7.933013e+00 1.250000e+00
      vertex   8.928571e+01 7.883022e+00 1.178606e+00
      vertex   8.928571e+01 7.933013e+00 1.250000e+00
    endloop
  endfacet
  facet normal 9.938636e-16 9.063078e-01 -4.226183e-01
    outer loop
      vertex   9.100000e+01 7.933013e+00 1.250000e+00
      vertex   8.928571e+01 7.933013e+00 1.250000e+00
      vertex   9.100000e+01 7.969846e+00 1.328990e+00
    endloop
  endfacet
  facet normal -1.094801e-16 9.063078e-01 -4.226183e-01
    outer loop
      vertex   9.100000e+01 7.969846e+00 1.328990e+00
      vertex   8.928571e+01 7.933013e+00 1.250000e+00
      vertex   8.928571e+01 7.969846e+00 1.328990e+00
    endloop
  endfacet
  facet normal -6.704760e-17 9.659258e-01 -2.588190e-01
    outer loop
      vertex   9.100000e+01 7.969846e+00 1.328990e+00
      vertex   8.928571e+01 7.969846e+00 1.328990e+00
      vertex   9.100000e+01 7.992404e+00 1.413176e+00
    endloop
  endfacet
  facet normal -5.339739e-16 9.659258e-01 -2.588190e-01
    outer loop
      vertex   9.100000e+01 7.992404e+00 1.413176e+00
      vertex   8.928571e+01 7.969846e+00 1.328990e+00
      vertex   8.928571e+01 7.992404e+00 1.413176e+00
    endloop
  endfacet
  facet normal -5.274215e-16 9.961947e-01 -8.715574e-02
    outer loop
      vertex   9.100000e+01 7.992404e+00 1.413176e+00
      vertex   8.928571e+01 7.992404e+00 1.413176e+00
      vertex   9.100000e+01 8.000000e+00 1.500000e+00
    endloop
  endfacet
  facet normal 0.000000e+00 9.961947e-01 -8.715574e-02
    outer loop
      vertex   9.100000e+01 8.000000e+00 1.500000e+00
      vertex   8.928571e+01 7.992404e+00 1.413176e+00
      vertex   8.757143e+01 7.992404e+00 1.413176e+00
    endloop
  endfacet
  facet normal 0.000000e+00 9.961947e-01 -8.715574e-02
    outer loop
      vertex   9.100000e+01 8.000000e+00 1.500000e+00
      vertex   8.757143e+01 7.992404e+00 1.413176e+00
      vertex   8.585714e+01 7.992404e+00 1.413176e+00
    endloop
  endfacet
  facet normal 0.000000e+00 9.659258e-01 -2.588190e-01
    outer loop
      vertex   8.585714e+01 7.992404e+00 1.413176e+00
      vertex   8.757143e+01 7.992404e+00 1.413176e+00
      vertex   8.585714e+01 7.969846e+00 1.328990e+00
    endloop
  endfacet
  facet normal 0.000000e+00 9.659258e-01 -2.588190e-01
    outer loop
      vertex   8.585714e+01 7.992404e+00 1.413176e+00
      vertex   8.585714e+01 7.969846e+00 1.328990e+00
      vertex   8.414286e+01 7.969846e+00 1.328990e+00
    endloop
  endfacet
  facet normal 0.000000e+00 9.063078e-01 -4.226183e-01
    outer loop
      vertex   8.414286e+01 7.969846e+00 1.328990e+00
      vertex   8.585714e+01 7.969846e+00 1.328990e+00
      vertex   8.414286e+01 7.933013e+00 1.250000e+00
    endloop
  endfacet
  facet normal 0.000000e+00 9.063078e-01 -4.226183e-01
    outer loop
      vertex   8.414286e+01 7.969846e+00 1.328990e+00
      vertex   8.414286e+01 7.933013e+00 1.250000e+00
      vertex   8.242857e+01 7.933013e+00 1.250000e+00
    endloop
  endfacet
  facet normal 0.000000e+00 8.191520e-01 -5.735764e-01
    outer loop
      vertex   8.242857e+01 7.933013e+00 1.250000e+00
      vertex   8.414286e+01 7.933013e+00 1.250000e+00
      vertex   8.242857e+01 7.883022e+00 1.178606e+00
    endloop
  endfacet
  facet normal 0.000000e+00 8.191520e-01 -5.735764e-01
    outer loop
      vertex   8.242857e+01 7.933013e+00 1.250000e+00
      vertex   8.242857e+01 7.883022e+00 1.178606e+00
      vertex   8.071429e+01 7.883022e+00 1.178606e+00
    endloop
  endfacet
  facet normal 0.000000e+00 7.071068e-01 -7.071068e-01
    outer loop
      vertex   8.071429e+01 7.883022e+00 1.178606e+00
      vertex   8.242857e+01 7.883022e+00 1.178606e+00
      vertex   8.071429e+01 7.821394e+00 1.116978e+00
    endloop
  endfacet
  facet normal -6.414803e-16 7.071068e-01 -7.071068e-01
    outer loop
      vertex   8.071429e+01 7.883022e+00 1.178606e+00
      vertex   8.071429e+01 7.821394e+00 1.116978e+00
      vertex   7.900000e+01 7.821394e+00 1.116978e+00
    endloop
  endfacet
  facet normal -6.154768e-16 5.735764e-01 -8.191520e-01
    outer loop
      vertex   7.900000e+01 7.821394e+00 1.116978e+00
      vertex   8.071429e+01 7.821394e+00 1.116978e+00
      vertex   7.900000e+01 7.750000e+00 1.066987e+00
    endloop
  endfacet
  facet normal -2.122030e-16 5.735764e-01 -8.191520e-01
    outer loop
      vertex   7.900000e+01 7.750000e+00 1.066987e+00
      vertex   8.071429e+01 7.821394e+00 1.116978e+00
      vertex   8.071429e+01 7.750000e+00 1.066987e+00
    endloop
  endfacet
  facet normal -2.347809e-16 4.226183e-01 -9.063078e-01
    outer loop
      vertex   7.900000e+01 7.750000e+00 1.066987e+00
      vertex   8.071429e+01 7.750000e+00 1.066987e+00
      vertex   7.900000e+01 7.671010e+00 1.030154e+00
    endloop
  endfacet
  facet normal -2.347809e-16 4.226183e-01 -9.063078e-01
    outer loop
      vertex   7.900000e+01 7.671010e+00 1.030154e+00
      vertex   8.071429e+01 7.750000e+00 1.066987e+00
      vertex   8.071429e+01 7.671010e+00 1.030154e+00
    endloop
  endfacet
  facet normal -2.502251e-16 2.588190e-01 -9.659258e-01
    outer loop
      vertex   7.900000e+01 7.671010e+00 1.030154e+00
      vertex   8.071429e+01 7.671010e+00 1.030154e+00
      vertex   7.900000e+01 7.586824e+00 1.007596e+00
    endloop
  endfacet
  facet normal -1.251125e-16 2.588190e-01 -9.659258e-01
    outer loop
      vertex   7.900000e+01 7.586824e+00 1.007596e+00
      vertex   8.071429e+01 7.671010e+00 1.030154e+00
      vertex   8.071429e+01 7.586824e+00 1.007596e+00
    endloop
  endfacet
  facet normal -1.290331e-16 8.715574e-02 -9.961947e-01
    outer loop
      vertex   7.900000e+01 7.586824e+00 1.007596e+00
      vertex   8.071429e+01 7.586824e+00 1.007596e+00
      vertex   7.900000e+01 7.500000e+00 1.000000e+00
    endloop
  endfacet
  facet normal 0.000000e+00 8.715574e-02 -9.961947e-01
    outer loop
      vertex   7.900000e+01 7.500000e+00 1.000000e+00
      vertex   8.071429e+01 7.586824e+00 1.007596e+00
      vertex   8.071429e+01 7.500000e+00 1.000000e+00
    endloop
  endfacet
  facet normal 0.000000e+00 -8.715574e-02 -9.961947e-01
    outer loop
      vertex   7.900000e+01 7.500000e+00 1.000000e+00
      vertex   8.071429e+01 7.500000e+00 1.000000e+00
      vertex   7.900000e+01 7.413176e+00 1.007596e+00
    endloop
  endfacet
  facet normal 1.290331e-16 -8.715574e-02 -9.961947e-01
    outer loop
      vertex   7.900000e+01 7.413176e+00 1.007596e+00
      vertex   8.071429e+01 7.500000e+00 1.000000e+00
      vertex   8.071429e+01 7.413176e+00 1.007596e+00
    endloop
  endfacet
  facet normal 1.251125e-16 -2.588190e-01 -9.659258e-01
    outer loop
      vertex   7.900000e+01 7.413176e+00 1.007596e+00
      vertex   8.071429e+01 7.413176e+00 1.007596e+00
      vertex   7.900000e+01 7.328990e+00 1.030154e+00
    endloop
  endfacet
  facet normal 2.502251e-16 -2.588190e-01 -9.659258e-01
    outer loop
      vertex   7.900000e+01 7.328990e+00 1.030154e+00
      vertex   8.071429e+01 7.413176e+00 1.007596e+00
      vertex   8.071429e+01 7.328990e+00 1.030154e+00
    endloop
  endfacet
  facet normal 2.347809e-16 -4.226183e-01 -9.063078e-01
    outer loop
      vertex   7.900000e+01 7.328990e+00 1.030154e+00
      vertex   8.071429e+01 7.328990e+00 1.030154e+00
      vertex   7.900000e+01 7.250000e+00 1.066987e+00
    endloop
  endfacet
  facet normal 3.521713e-16 -4.226183e-01 -9.063078e-01
    outer loop
      vertex   7.900000e+01 7.250000e+00 1.066987e+00
      vertex   8.071429e+01 7.328990e+00 1.030154e+00
      vertex   8.071429e+01 7.250000e+00 1.066987e+00
    endloop
  endfacet
  facet normal 3.183045e-16 -5.735764e-01 -8.191520e-01
    outer loop
      vertex   7.900000e+01 7.250000e+00 1.066987e+00
      vertex   8.071429e+01 7.250000e+00 1.066987e+00
      vertex   7.900000e+01 7.178606e+00 1.116978e+00
    endloop
  endfacet
  facet normal 9.126491e-16 -5.735764e-01 -8.191520e-01
    outer loop
      vertex   7.900000e+01 7.178606e+00 1.116978e+00
      vertex   8.071429e+01 7.250000e+00 1.066987e+00
      vertex   8.071429e+01 7.178606e+00 1.116978e+00
    endloop
  endfacet
  facet normal 1.007476e-15 -7.071068e-01 -7.071068e-01
    outer loop
      vertex   7.900000e+01 7.178606e+00 1.116978e+00
      vertex   8.071429e+01 7.178606e+00 1.116978e+00
      vertex   7.900000e+01 7.116978e+00 1.178606e+00
    endloop
  endfacet
  facet normal 1.099065e-15 -7.071068e-01 -7.071068e-01
    outer loop
      vertex   7.900000e+01 7.116978e+00 1.178606e+00
      vertex   8.071429e+01 7.178606e+00 1.116978e+00
      vertex   8.071429e+01 7.116978e+00 1.178606e+00
    endloop
  endfacet
  facet normal 1.145984e-15 -8.191520e-01 -5.735764e-01
    outer loop
      vertex   7.900000e+01 7.116978e+00 1.178606e+00
      vertex   8.071429e+01 7.116978e+00 1.178606e+00
      vertex   7.900000e+01 7.066987e+00 1.250000e+00
    endloop
  endfacet
  facet normal 7.429307e-17 -8.191520e-01 -5.735764e-01
    outer loop
      vertex   7.900000e+01 7.066987e+00 1.250000e+00
      vertex   8.071429e+01 7.116978e+00 1.178606e+00
      vertex   8.071429e+01 7.066987e+00 1.250000e+00
    endloop
  endfacet
  facet normal 5.474006e-17 -9.063078e-01 -4.226183e-01
    outer loop
      vertex   7.900000e+01 7.066987e+00 1.250000e+00
      vertex   8.071429e+01 7.066987e+00 1.250000e+00
      vertex   7.900000e+01 7.030154e+00 1.328990e+00
    endloop
  endfacet
  facet normal 1.103344e-15 -9.063078e-01 -4.226183e-01
    outer loop
      vertex   7.900000e+01 7.030154e+00 1.328990e+00
      vertex   8.071429e+01 7.066987e+00 1.250000e+00
      vertex   8.071429e+01 7.030154e+00 1.328990e+00
    endloop
  endfacet
  facet normal 1.101472e-15 -9.659258e-01 -2.588190e-01
    outer loop
      vertex   7.900000e+01 7.030154e+00 1.328990e+00
      vertex   8.071429e+01 7.030154e+00 1.328990e+00
      vertex   7.900000e+01 7.007596e+00 1.413176e+00
    endloop
  endfacet
  facet normal 1.034424e-15 -9.659258e-01 -2.588190e-01
    outer loop
      vertex   7.900000e+01 7.007596e+00 1.413176e+00
      vertex   8.071429e+01 7.030154e+00 1.328990e+00
      vertex   8.071429e+01 7.007596e+00 1.413176e+00
    endloop
  endfacet
  facet normal -5.485963e-16 7.071068e-01 -7.071068e-01
    outer loop
      vertex   7.900000e+01 7.821394e+00 1.116978e+00
      vertex   7.900000e+01 7.883022e+00 1.178606e+00
      vertex   8.071429e+01 7.883022e+00 1.178606e+00
    endloop
  endfacet
  facet normal -5.729922e-16 8.191520e-01 -5.735764e-01
    outer loop
      vertex   8.071429e+01 7.883022e+00 1.178606e+00
      vertex   7.900000e+01 7.883022e+00 1.178606e+00
      vertex   8.071429e+01 7.933013e+00 1.250000e+00
    endloop
  endfacet
  facet normal 0.000000e+00 8.191520e-01 -5.735764e-01
    outer loop
      vertex   8.071429e+01 7.883022e+00 1.178606e+00
      vertex   8.071429e+01 7.933013e+00 1.250000e+00
      vertex   8.242857e+01 7.933013e+00 1.250000e+00
    endloop
  endfacet
  facet normal 0.000000e+00 9.063078e-01 -4.226183e-01
    outer loop
      vertex   8.242857e+01 7.933013e+00 1.250000e+00
      vertex   8.071429e+01 7.933013e+00 1.250000e+00
      vertex   8.242857e+01 7.969846e+00 1.328990e+00
    endloop
  endfacet
  facet normal -5.514989e-17 9.063078e-01 -4.226183e-01
    outer loop
      vertex   8.242857e+01 7.933013e+00 1.250000e+00
      vertex   8.242857e+01 7.969846e+00 1.328990e+00
      vertex   8.414286e+01 7.969846e+00 1.328990e+00
    endloop
  endfacet
  facet normal -3.352380e-17 9.659258e-01 -2.588190e-01
    outer loop
      vertex   8.414286e+01 7.969846e+00 1.328990e+00
      vertex   8.242857e+01 7.969846e+00 1.328990e+00
      vertex   8.414286e+01 7.992404e+00 1.413176e+00
    endloop
  endfacet
  facet normal 4.324912e-16 9.659258e-01 -2.588190e-01
    outer loop
      vertex   8.414286e+01 7.969846e+00 1.328990e+00
      vertex   8.414286e+01 7.992404e+00 1.413176e+00
      vertex   8.585714e+01 7.992404e+00 1.413176e+00
    endloop
  endfacet
  facet normal 4.935547e-16 9.961947e-01 -8.715574e-02
    outer loop
      vertex   8.585714e+01 7.992404e+00 1.413176e+00
      vertex   8.414286e+01 7.992404e+00 1.413176e+00
      vertex   9.100000e+01 8.000000e+00 1.500000e+00
    endloop
  endfacet
  facet normal -1.143635e-15 8.191520e-01 -5.735764e-01
    outer loop
      vertex   7.900000e+01 7.883022e+00 1.178606e+00
      vertex   7.900000e+01 7.933013e+00 1.250000e+00
      vertex   8.071429e+01 7.933013e+00 1.250000e+00
    endloop
  endfacet
  facet normal -1.158084e-15 9.063078e-01 -4.226183e-01
    outer loop
      vertex   8.071429e+01 7.933013e+00 1.250000e+00
      vertex   7.900000e+01 7.933013e+00 1.250000e+00
      vertex   8.071429e+01 7.969846e+00 1.328990e+00
    endloop
  endfacet
  facet normal 0.000000e+00 9.063078e-01 -4.226183e-01
    outer loop
      vertex   8.071429e+01 7.933013e+00 1.250000e+00
      vertex   8.071429e+01 7.969846e+00 1.328990e+00
      vertex   8.242857e+01 7.969846e+00 1.328990e+00
    endloop
  endfacet
  facet normal 0.000000e+00 9.659258e-01 -2.588190e-01
    outer loop
      vertex   8.242857e+01 7.969846e+00 1.328990e+00
      vertex   8.071429e+01 7.969846e+00 1.328990e+00
      vertex   8.242857e+01 7.992404e+00 1.413176e+00
    endloop
  endfacet
  facet normal -3.483151e-17 9.659258e-01 -2.588190e-01
    outer loop
      vertex   8.242857e+01 7.969846e+00 1.328990e+00
      vertex   8.242857e+01 7.992404e+00 1.413176e+00
      vertex   8.414286e+01 7.992404e+00 1.413176e+00
    endloop
  endfacet
  facet normal -1.128894e-17 9.961947e-01 -8.715574e-02
    outer loop
      vertex   8.414286e+01 7.992404e+00 1.413176e+00
      vertex   8.242857e+01 7.992404e+00 1.413176e+00
      vertex   7.900000e+01 8.000000e+00 1.500000e+00
    endloop
  endfacet
  facet normal 0.000000e+00 9.961947e-01 -8.715574e-02
    outer loop
      vertex   8.414286e+01 7.992404e+00 1.413176e+00
      vertex   7.900000e+01 8.000000e+00 1.500000e+00
      vertex   9.100000e+01 8.000000e+00 1.500000e+00
    endloop
  endfacet
  facet normal -5.514989e-17 9.063078e-01 -4.226183e-01
    outer loop
      vertex   7.900000e+01 7.933013e+00 1.250000e+00
      vertex   7.900000e+01 7.969846e+00 1.328990e+00
      vertex   8.071429e+01 7.969846e+00 1.328990e+00
    endloop
  endfacet
  facet normal -3.352380e-17 9.659258e-01 -2.588190e-01
    outer loop
      vertex   8.071429e+01 7.969846e+00 1.328990e+00
      vertex   7.900000e+01 7.969846e+00 1.328990e+00
      vertex   8.071429e+01 7.992404e+00 1.413176e+00
    endloop
  endfacet
  facet normal 0.000000e+00 9.659258e-01 -2.588190e-01
    outer loop
      vertex   8.071429e+01 7.969846e+00 1.328990e+00
      vertex   8.071429e+01 7.992404e+00 1.413176e+00
      vertex   8.242857e+01 7.992404e+00 1.413176e+00
    endloop
  endfacet
  facet normal 0.000000e+00 9.961947e-01 -8.715574e-02
    outer loop
      vertex   8.242857e+01 7.992404e+00 1.413176e+00
      vertex   8.071429e+01 7.992404e+00 1.413176e+00
      vertex   7.900000e+01 8.000000e+00 1.500000e+00
    endloop
  endfacet
  facet normal -4.992516e-16 9.659258e-01 -2.588190e-01
    outer loop
      vertex   7.900000e+01 7.969846e+00 1.328990e+00
      vertex   7.900000e+01 7.992404e+00 1.413176e+00
      vertex   8.071429e+01 7.992404e+00 1.413176e+00
    endloop
  endfacet
  facet normal -5.161325e-16 9.961947e-01 -8.715574e-02
    outer loop
      vertex   8.071429e+01 7.992404e+00 1.413176e+00
      vertex   7.900000e+01 7.992404e+00 1.413176e+00
      vertex   7.900000e+01 8.000000e+00 1.500000e+00
    endloop
  endfacet
  facet normal 0.000000e+00 -7.071068e-01 -7.071068e-01
    outer loop
      vertex   9.100000e+01 7.178606e+00 1.116978e+00
      vertex   9.100000e+01 7.116978e+00 1.178606e+00
      vertex   8.928571e+01 7.116978e+00 1.178606e+00
    endloop
  endfacet
  facet normal 0.000000e+00 -8.191520e-01 -5.735764e-01
    outer loop
      vertex   8.928571e+01 7.116978e+00 1.178606e+00
      vertex   9.100000e+01 7.116978e+00 1.178606e+00
      vertex   8.928571e+01 7.066987e+00 1.250000e+00
    endloop
  endfacet
  facet normal 0.000000e+00 -8.191520e-01 -5.735764e-01
    outer loop
      vertex   8.928571e+01 7.116978e+00 1.178606e+00
      vertex   8.928571e+01 7.066987e+00 1.250000e+00
      vertex   8.757143e+01 7.066987e+00 1.250000e+00
    endloop
  endfacet
  facet normal 0.000000e+00 -9.063078e-01 -4.226183e-01
    outer loop
      vertex   8.757143e+01 7.066987e+00 1.250000e+00
      vertex   8.928571e+01 7.066987e+00 1.250000e+00
      vertex   8.757143e+01 7.030154e+00 1.328990e+00
    endloop
  endfacet
  facet normal 0.000000e+00 -9.063078e-01 -4.226183e-01
    outer loop
      vertex   8.757143e+01 7.066987e+00 1.250000e+00
      vertex   8.757143e+01 7.030154e+00 1.328990e+00
      vertex   8.585714e+01 7.030154e+00 1.328990e+00
    endloop
  endfacet
  facet normal 0.000000e+00 -9.659258e-01 -2.588190e-01
    outer loop
      vertex   8.585714e+01 7.030154e+00 1.328990e+00
      vertex   8.757143e+01 7.030154e+00 1.328990e+00
      vertex   8.585714e+01 7.007596e+00 1.413176e+00
    endloop
  endfacet
  facet normal 0.000000e+00 -9.659258e-01 -2.588190e-01
    outer loop
      vertex   8.585714e+01 7.030154e+00 1.328990e+00
      vertex   8.585714e+01 7.007596e+00 1.413176e+00
      vertex   8.414286e+01 7.007596e+00 1.413176e+00
    endloop
  endfacet
  facet normal 0.000000e+00 -9.961947e-01 -8.715574e-02
    outer loop
      vertex   8.414286e+01 7.007596e+00 1.413176e+00
      vertex   8.585714e+01 7.007596e+00 1.413176e+00
      vertex   7.900000e+01 7.000000e+00 1.500000e+00
    endloop
  endfacet
  facet normal 7.256564e-17 -8.191520e-01 -5.735764e-01
    outer loop
      vertex   9.100000e+01 7.116978e+00 1.178606e+00
      vertex   9.100000e+01 7.066987e+00 1.250000e+00
      vertex   8.928571e+01 7.066987e+00 1.250000e+00
    endloop
  endfacet
  facet normal 5.474006e-17 -9.063078e-01 -4.226183e-01
    outer loop
      vertex   8.928571e+01 7.066987e+00 1.250000e+00
      vertex   9.100000e+01 7.066987e+00 1.250000e+00
      vertex   8.928571e+01 7.030154e+00 1.328990e+00
    endloop
  endfacet
  facet normal 5.224726e-17 -9.063078e-01 -4.226183e-01
    outer loop
      vertex   8.928571e+01 7.066987e+00 1.250000e+00
      vertex   8.928571e+01 7.030154e+00 1.328990e+00
      vertex   8.757143e+01 7.030154e+00 1.328990e+00
    endloop
  endfacet
  facet normal 3.352380e-17 -9.659258e-01 -2.588190e-01
    outer loop
      vertex   8.757143e+01 7.030154e+00 1.328990e+00
      vertex   8.928571e+01 7.030154e+00 1.328990e+00
      vertex   8.757143e+01 7.007596e+00 1.413176e+00
    endloop
  endfacet
  facet normal 3.338020e-17 -9.659258e-01 -2.588190e-01
    outer loop
      vertex   8.757143e+01 7.030154e+00 1.328990e+00
      vertex   8.757143e+01 7.007596e+00 1.413176e+00
      vertex   8.585714e+01 7.007596e+00 1.413176e+00
    endloop
  endfacet
  facet normal 1.128894e-17 -9.961947e-01 -8.715574e-02
    outer loop
      vertex   8.585714e+01 7.007596e+00 1.413176e+00
      vertex   8.757143e+01 7.007596e+00 1.413176e+00
      vertex   9.100000e+01 7.000000e+00 1.500000e+00
    endloop
  endfacet
  facet normal 0.000000e+00 -9.961947e-01 -8.715574e-02
    outer loop
      vertex   8.585714e+01 7.007596e+00 1.413176e+00
      vertex   9.100000e+01 7.000000e+00 1.500000e+00
      vertex   7.900000e+01 7.000000e+00 1.500000e+00
    endloop
  endfacet
  facet normal -9.926980e-16 -9.063078e-01 -4.226183e-01
    outer loop
      vertex   9.100000e+01 7.066987e+00 1.250000e+00
      vertex   9.100000e+01 7.030154e+00 1.328990e+00
      vertex   8.928571e+01 7.030154e+00 1.328990e+00
    endloop
  endfacet
  facet normal -1.034424e-15 -9.659258e-01 -2.588190e-01
    outer loop
      vertex   8.928571e+01 7.030154e+00 1.328990e+00
      vertex   9.100000e+01 7.030154e+00 1.328990e+00
      vertex   8.928571e+01 7.007596e+00 1.413176e+00
    endloop
  endfacet
  facet normal 0.000000e+00 -9.659258e-01 -2.588190e-01
    outer loop
      vertex   8.928571e+01 7.030154e+00 1.328990e+00
      vertex   8.928571e+01 7.007596e+00 1.413176e+00
      vertex   8.757143e+01 7.007596e+00 1.413176e+00
    endloop
  endfacet
  facet normal 0.000000e+00 -9.961947e-01 -8.715574e-02
    outer loop
      vertex   8.757143e+01 7.007596e+00 1.413176e+00
      vertex   8.928571e+01 7.007596e+00 1.413176e+00
      vertex   9.100000e+01 7.000000e+00 1.500000e+00
    endloop
  endfacet
  facet normal 0.000000e+00 -9.659258e-01 -2.588190e-01
    outer loop
      vertex   9.100000e+01 7.030154e+00 1.328990e+00
      vertex   9.100000e+01 7.007596e+00 1.413176e+00
      vertex   8.928571e+01 7.007596e+00 1.413176e+00
    endloop
  endfacet
  facet normal 0.000000e+00 -9.961947e-01 -8.715574e-02
    outer loop
      vertex   8.928571e+01 7.007596e+00 1.413176e+00
      vertex   9.100000e+01 7.007596e+00 1.413176e+00
      vertex   9.100000e+01 7.000000e+00 1.500000e+00
    endloop
  endfacet
  facet normal -4.334025e-16 -9.659258e-01 -2.588190e-01
    outer loop
      vertex   8.242857e+01 7.007596e+00 1.413176e+00
      vertex   8.071429e+01 7.007596e+00 1.413176e+00
      vertex   8.242857e+01 7.030154e+00 1.328990e+00
    endloop
  endfacet
  facet normal -0.000000e+00 -9.659258e-01 -2.588190e-01
    outer loop
      vertex   8.242857e+01 7.030154e+00 1.328990e+00
      vertex   8.071429e+01 7.007596e+00 1.413176e+00
      vertex   8.071429e+01 7.030154e+00 1.328990e+00
    endloop
  endfacet
  facet normal -0.000000e+00 -9.063078e-01 -4.226183e-01
    outer loop
      vertex   8.242857e+01 7.030154e+00 1.328990e+00
      vertex   8.071429e+01 7.030154e+00 1.328990e+00
      vertex   8.242857e+01 7.066987e+00 1.250000e+00
    endloop
  endfacet
  facet normal -0.000000e+00 -9.063078e-01 -4.226183e-01
    outer loop
      vertex   8.242857e+01 7.066987e+00 1.250000e+00
      vertex   8.071429e+01 7.030154e+00 1.328990e+00
      vertex   8.071429e+01 7.066987e+00 1.250000e+00
    endloop
  endfacet
  facet normal -0.000000e+00 -8.191520e-01 -5.735764e-01
    outer loop
      vertex   8.242857e+01 7.066987e+00 1.250000e+00
      vertex   8.071429e+01 7.066987e+00 1.250000e+00
      vertex   8.242857e+01 7.116978e+00 1.178606e+00
    endloop
  endfacet
  facet normal -0.000000e+00 -8.191520e-01 -5.735764e-01
    outer loop
      vertex   8.242857e+01 7.116978e+00 1.178606e+00
      vertex   8.071429e+01 7.066987e+00 1.250000e+00
      vertex   8.071429e+01 7.116978e+00 1.178606e+00
    endloop
  endfacet
  facet normal -0.000000e+00 -7.071068e-01 -7.071068e-01
    outer loop
      vertex   8.242857e+01 7.116978e+00 1.178606e+00
      vertex   8.071429e+01 7.116978e+00 1.178606e+00
      vertex   8.242857e+01 7.178606e+00 1.116978e+00
    endloop
  endfacet
  facet normal -0.000000e+00 -7.071068e-01 -7.071068e-01
    outer loop
      vertex   8.242857e+01 7.178606e+00 1.116978e+00
      vertex   8.071429e+01 7.116978e+00 1.178606e+00
      vertex   8.071429e+01 7.178606e+00 1.116978e+00
    endloop
  endfacet
  facet normal -0.000000e+00 -5.735764e-01 -8.191520e-01
    outer loop
      vertex   8.242857e+01 7.178606e+00 1.116978e+00
      vertex   8.071429e+01 7.178606e+00 1.116978e+00
      vertex   8.242857e+01 7.250000e+00 1.066987e+00
    endloop
  endfacet
  facet normal -0.000000e+00 -5.735764e-01 -8.191520e-01
    outer loop
      vertex   8.242857e+01 7.250000e+00 1.066987e+00
      vertex   8.071429e+01 7.178606e+00 1.116978e+00
      vertex   8.071429e+01 7.250000e+00 1.066987e+00
    endloop
  endfacet
  facet normal -0.000000e+00 -4.226183e-01 -9.063078e-01
    outer loop
      vertex   8.242857e+01 7.250000e+00 1.066987e+00
      vertex   8.071429e+01 7.250000e+00 1.066987e+00
      vertex   8.242857e+01 7.328990e+00 1.030154e+00
    endloop
  endfacet
  facet normal -0.000000e+00 -4.226183e-01 -9.063078e-01
    outer loop
      vertex   8.242857e+01 7.328990e+00 1.030154e+00
      vertex   8.071429e+01 7.250000e+00 1.066987e+00
      vertex   8.071429e+01 7.328990e+00 1.030154e+00
    endloop
  endfacet
  facet normal -0.000000e+00 -2.588190e-01 -9.659258e-01
    outer loop
      vertex   8.242857e+01 7.328990e+00 1.030154e+00
      vertex   8.071429e+01 7.328990e+00 1.030154e+00
      vertex   8.242857e+01 7.413176e+00 1.007596e+00
    endloop
  endfacet
  facet normal -0.000000e+00 -2.588190e-01 -9.659258e-01
    outer loop
      vertex   8.242857e+01 7.413176e+00 1.007596e+00
      vertex   8.071429e+01 7.328990e+00 1.030154e+00
      vertex   8.071429e+01 7.413176e+00 1.007596e+00
    endloop
  endfacet
  facet normal -0.000000e+00 -8.715574e-02 -9.961947e-01
    outer loop
      vertex   8.242857e+01 7.413176e+00 1.007596e+00
      vertex   8.071429e+01 7.413176e+00 1.007596e+00
      vertex   8.242857e+01 7.500000e+00 1.000000e+00
    endloop
  endfacet
  facet normal -0.000000e+00 -8.715574e-02 -9.961947e-01
    outer loop
      vertex   8.242857e+01 7.500000e+00 1.000000e+00
      vertex   8.071429e+01 7.413176e+00 1.007596e+00
      vertex   8.071429e+01 7.500000e+00 1.000000e+00
    endloop
  endfacet
  facet normal 0.000000e+00 8.715574e-02 -9.961947e-01
    outer loop
      vertex   8.242857e+01 7.500000e+00 1.000000e+00
      vertex   8.071429e+01 7.500000e+00 1.000000e+00
      vertex   8.242857e+01 7.586824e+00 1.007596e+00
    endloop
  endfacet
  facet normal 0.000000e+00 8.715574e-02 -9.961947e-01
    outer loop
      vertex   8.242857e+01 7.586824e+00 1.007596e+00
      vertex   8.071429e+01 7.500000e+00 1.000000e+00
      vertex   8.071429e+01 7.586824e+00 1.007596e+00
    endloop
  endfacet
  facet normal 0.000000e+00 2.588190e-01 -9.659258e-01
    outer loop
      vertex   8.242857e+01 7.586824e+00 1.007596e+00
      vertex   8.071429e+01 7.586824e+00 1.007596e+00
      vertex   8.242857e+01 7.671010e+00 1.030154e+00
    endloop
  endfacet
  facet normal 0.000000e+00 2.588190e-01 -9.659258e-01
    outer loop
      vertex   8.242857e+01 7.671010e+00 1.030154e+00
      vertex   8.071429e+01 7.586824e+00 1.007596e+00
      vertex   8.071429e+01 7.671010e+00 1.030154e+00
    endloop
  endfacet
  facet normal 0.000000e+00 4.226183e-01 -9.063078e-01
    outer loop
      vertex   8.242857e+01 7.671010e+00 1.030154e+00
      vertex   8.071429e+01 7.671010e+00 1.030154e+00
      vertex   8.242857e+01 7.750000e+00 1.066987e+00
    endloop
  endfacet
  facet normal 0.000000e+00 4.226183e-01 -9.063078e-01
    outer loop
      vertex   8.242857e+01 7.750000e+00 1.066987e+00
      vertex   8.071429e+01 7.671010e+00 1.030154e+00
      vertex   8.071429e+01 7.750000e+00 1.066987e+00
    endloop
  endfacet
  facet normal 0.000000e+00 5.735764e-01 -8.191520e-01
    outer loop
      vertex   8.242857e+01 7.750000e+00 1.066987e+00
      vertex   8.071429e+01 7.750000e+00 1.066987e+00
      vertex   8.242857e+01 7.821394e+00 1.116978e+00
    endloop
  endfacet
  facet normal 0.000000e+00 5.735764e-01 -8.191520e-01
    outer loop
      vertex   8.242857e+01 7.821394e+00 1.116978e+00
      vertex   8.071429e+01 7.750000e+00 1.066987e+00
      vertex   8.071429e+01 7.821394e+00 1.116978e+00
    endloop
  endfacet
  facet normal 0.000000e+00 7.071068e-01 -7.071068e-01
    outer loop
      vertex   8.242857e+01 7.821394e+00 1.116978e+00
      vertex   8.071429e+01 7.821394e+00 1.116978e+00
      vertex   8.242857e+01 7.883022e+00 1.178606e+00
    endloop
  endfacet
  facet normal 3.338020e-17 -9.659258e-01 -2.588190e-01
    outer loop
      vertex   8.242857e+01 7.007596e+00 1.413176e+00
      vertex   8.242857e+01 7.030154e+00 1.328990e+00
      vertex   8.414286e+01 7.030154e+00 1.328990e+00
    endloop
  endfacet
  facet normal 5.474006e-17 -9.063078e-01 -4.226183e-01
    outer loop
      vertex   8.414286e+01 7.030154e+00 1.328990e+00
      vertex   8.242857e+01 7.030154e+00 1.328990e+00
      vertex   8.414286e+01 7.066987e+00 1.250000e+00
    endloop
  endfacet
  facet normal 0.000000e+00 -9.063078e-01 -4.226183e-01
    outer loop
      vertex   8.414286e+01 7.030154e+00 1.328990e+00
      vertex   8.414286e+01 7.066987e+00 1.250000e+00
      vertex   8.585714e+01 7.066987e+00 1.250000e+00
    endloop
  endfacet
  facet normal -0.000000e+00 -8.191520e-01 -5.735764e-01
    outer loop
      vertex   8.585714e+01 7.066987e+00 1.250000e+00
      vertex   8.414286e+01 7.066987e+00 1.250000e+00
      vertex   8.585714e+01 7.116978e+00 1.178606e+00
    endloop
  endfacet
  facet normal 0.000000e+00 -8.191520e-01 -5.735764e-01
    outer loop
      vertex   8.585714e+01 7.066987e+00 1.250000e+00
      vertex   8.585714e+01 7.116978e+00 1.178606e+00
      vertex   8.757143e+01 7.116978e+00 1.178606e+00
    endloop
  endfacet
  facet normal -0.000000e+00 -7.071068e-01 -7.071068e-01
    outer loop
      vertex   8.757143e+01 7.116978e+00 1.178606e+00
      vertex   8.585714e+01 7.116978e+00 1.178606e+00
      vertex   8.757143e+01 7.178606e+00 1.116978e+00
    endloop
  endfacet
  facet normal -8.998140e-17 -7.071068e-01 -7.071068e-01
    outer loop
      vertex   8.757143e+01 7.116978e+00 1.178606e+00
      vertex   8.757143e+01 7.178606e+00 1.116978e+00
      vertex   8.928571e+01 7.178606e+00 1.116978e+00
    endloop
  endfacet
  facet normal -1.061015e-16 -5.735764e-01 -8.191520e-01
    outer loop
      vertex   8.928571e+01 7.178606e+00 1.116978e+00
      vertex   8.757143e+01 7.178606e+00 1.116978e+00
      vertex   8.928571e+01 7.250000e+00 1.066987e+00
    endloop
  endfacet
  facet normal 1.094801e-16 -9.063078e-01 -4.226183e-01
    outer loop
      vertex   8.414286e+01 7.066987e+00 1.250000e+00
      vertex   8.242857e+01 7.030154e+00 1.328990e+00
      vertex   8.242857e+01 7.066987e+00 1.250000e+00
    endloop
  endfacet
  facet normal 1.485861e-16 -8.191520e-01 -5.735764e-01
    outer loop
      vertex   8.414286e+01 7.066987e+00 1.250000e+00
      vertex   8.242857e+01 7.066987e+00 1.250000e+00
      vertex   8.414286e+01 7.116978e+00 1.178606e+00
    endloop
  endfacet
  facet normal -0.000000e+00 -8.191520e-01 -5.735764e-01
    outer loop
      vertex   8.414286e+01 7.116978e+00 1.178606e+00
      vertex   8.242857e+01 7.066987e+00 1.250000e+00
      vertex   8.242857e+01 7.116978e+00 1.178606e+00
    endloop
  endfacet
  facet normal -0.000000e+00 -7.071068e-01 -7.071068e-01
    outer loop
      vertex   8.414286e+01 7.116978e+00 1.178606e+00
      vertex   8.242857e+01 7.116978e+00 1.178606e+00
      vertex   8.414286e+01 7.178606e+00 1.116978e+00
    endloop
  endfacet
  facet normal -0.000000e+00 -7.071068e-01 -7.071068e-01
    outer loop
      vertex   8.414286e+01 7.178606e+00 1.116978e+00
      vertex   8.242857e+01 7.116978e+00 1.178606e+00
      vertex   8.242857e+01 7.178606e+00 1.116978e+00
    endloop
  endfacet
  facet normal -0.000000e+00 -5.735764e-01 -8.191520e-01
    outer loop
      vertex   8.414286e+01 7.178606e+00 1.116978e+00
      vertex   8.242857e+01 7.178606e+00 1.116978e+00
      vertex   8.414286e+01 7.250000e+00 1.066987e+00
    endloop
  endfacet
  facet normal -1.061015e-16 -5.735764e-01 -8.191520e-01
    outer loop
      vertex   8.414286e+01 7.250000e+00 1.066987e+00
      vertex   8.242857e+01 7.178606e+00 1.116978e+00
      vertex   8.242857e+01 7.250000e+00 1.066987e+00
    endloop
  endfacet
  facet normal -1.173904e-16 -4.226183e-01 -9.063078e-01
    outer loop
      vertex   8.414286e+01 7.250000e+00 1.066987e+00
      vertex   8.242857e+01 7.250000e+00 1.066987e+00
      vertex   8.414286e+01 7.328990e+00 1.030154e+00
    endloop
  endfacet
  facet normal -0.000000e+00 -4.226183e-01 -9.063078e-01
    outer loop
      vertex   8.414286e+01 7.328990e+00 1.030154e+00
      vertex   8.242857e+01 7.250000e+00 1.066987e+00
      vertex   8.242857e+01 7.328990e+00 1.030154e+00
    endloop
  endfacet
  facet normal -0.000000e+00 -2.588190e-01 -9.659258e-01
    outer loop
      vertex   8.414286e+01 7.328990e+00 1.030154e+00
      vertex   8.242857e+01 7.328990e+00 1.030154e+00
      vertex   8.414286e+01 7.413176e+00 1.007596e+00
    endloop
  endfacet
  facet normal -0.000000e+00 -2.588190e-01 -9.659258e-01
    outer loop
      vertex   8.414286e+01 7.413176e+00 1.007596e+00
      vertex   8.242857e+01 7.328990e+00 1.030154e+00
      vertex   8.242857e+01 7.413176e+00 1.007596e+00
    endloop
  endfacet
  facet normal -0.000000e+00 -8.715574e-02 -9.961947e-01
    outer loop
      vertex   8.414286e+01 7.413176e+00 1.007596e+00
      vertex   8.242857e+01 7.413176e+00 1.007596e+00
      vertex   8.414286e+01 7.500000e+00 1.000000e+00
    endloop
  endfacet
  facet normal -0.000000e+00 -8.715574e-02 -9.961947e-01
    outer loop
      vertex   8.414286e+01 7.500000e+00 1.000000e+00
      vertex   8.242857e+01 7.413176e+00 1.007596e+00
      vertex   8.242857e+01 7.500000e+00 1.000000e+00
    endloop
  endfacet
  facet normal 0.000000e+00 8.715574e-02 -9.961947e-01
    outer loop
      vertex   8.414286e+01 7.500000e+00 1.000000e+00
      vertex   8.242857e+01 7.500000e+00 1.000000e+00
      vertex   8.414286e+01 7.586824e+00 1.007596e+00
    endloop
  endfacet
  facet normal 0.000000e+00 8.715574e-02 -9.961947e-01
    outer loop
      vertex   8.414286e+01 7.586824e+00 1.007596e+00
      vertex   8.242857e+01 7.500000e+00 1.000000e+00
      vertex   8.242857e+01 7.586824e+00 1.007596e+00
    endloop
  endfacet
  facet normal 0.000000e+00 2.588190e-01 -9.659258e-01
    outer loop
      vertex   8.414286e+01 7.586824e+00 1.007596e+00
      vertex   8.242857e+01 7.586824e+00 1.007596e+00
      vertex   8.414286e+01 7.671010e+00 1.030154e+00
    endloop
  endfacet
  facet normal 0.000000e+00 2.588190e-01 -9.659258e-01
    outer loop
      vertex   8.414286e+01 7.671010e+00 1.030154e+00
      vertex   8.242857e+01 7.586824e+00 1.007596e+00
      vertex   8.242857e+01 7.671010e+00 1.030154e+00
    endloop
  endfacet
  facet normal 0.000000e+00 4.226183e-01 -9.063078e-01
    outer loop
      vertex   8.414286e+01 7.671010e+00 1.030154e+00
      vertex   8.242857e+01 7.671010e+00 1.030154e+00
      vertex   8.414286e+01 7.750000e+00 1.066987e+00
    endloop
  endfacet
  facet normal 0.000000e+00 4.226183e-01 -9.063078e-01
    outer loop
      vertex   8.414286e+01 7.750000e+00 1.066987e+00
      vertex   8.242857e+01 7.671010e+00 1.030154e+00
      vertex   8.242857e+01 7.750000e+00 1.066987e+00
    endloop
  endfacet
  facet normal 0.000000e+00 5.735764e-01 -8.191520e-01
    outer loop
      vertex   8.414286e+01 7.750000e+00 1.066987e+00
      vertex   8.242857e+01 7.750000e+00 1.066987e+00
      vertex   8.414286e+01 7.821394e+00 1.116978e+00
    endloop
  endfacet
  facet normal 0.000000e+00 5.735764e-01 -8.191520e-01
    outer loop
      vertex   8.414286e+01 7.821394e+00 1.116978e+00
      vertex   8.242857e+01 7.750000e+00 1.066987e+00
      vertex   8.242857e+01 7.821394e+00 1.116978e+00
    endloop
  endfacet
  facet normal 0.000000e+00 7.071068e-01 -7.071068e-01
    outer loop
      vertex   8.414286e+01 7.821394e+00 1.116978e+00
      vertex   8.242857e+01 7.821394e+00 1.116978e+00
      vertex   8.414286e+01 7.883022e+00 1.178606e+00
    endloop
  endfacet
  facet normal 0.000000e+00 7.071068e-01 -7.071068e-01
    outer loop
      vertex   8.414286e+01 7.883022e+00 1.178606e+00
      vertex   8.242857e+01 7.821394e+00 1.116978e+00
      vertex   8.242857e+01 7.883022e+00 1.178606e+00
    endloop
  endfacet
  facet normal 0.000000e+00 8.191520e-01 -5.735764e-01
    outer loop
      vertex   8.414286e+01 7.883022e+00 1.178606e+00
      vertex   8.242857e+01 7.883022e+00 1.178606e+00
      vertex   8.414286e+01 7.933013e+00 1.250000e+00
    endloop
  endfacet
  facet normal -7.546827e-17 -8.191520e-01 -5.735764e-01
    outer loop
      vertex   8.414286e+01 7.066987e+00 1.250000e+00
      vertex   8.414286e+01 7.116978e+00 1.178606e+00
      vertex   8.585714e+01 7.116978e+00 1.178606e+00
    endloop
  endfacet
  facet normal -9.158873e-17 -7.071068e-01 -7.071068e-01
    outer loop
      vertex   8.585714e+01 7.116978e+00 1.178606e+00
      vertex   8.414286e+01 7.116978e+00 1.178606e+00
      vertex   8.585714e+01 7.178606e+00 1.116978e+00
    endloop
  endfacet
  facet normal 0.000000e+00 -7.071068e-01 -7.071068e-01
    outer loop
      vertex   8.585714e+01 7.116978e+00 1.178606e+00
      vertex   8.585714e+01 7.178606e+00 1.116978e+00
      vertex   8.757143e+01 7.178606e+00 1.116978e+00
    endloop
  endfacet
  facet normal -0.000000e+00 -5.735764e-01 -8.191520e-01
    outer loop
      vertex   8.757143e+01 7.178606e+00 1.116978e+00
      vertex   8.585714e+01 7.178606e+00 1.116978e+00
      vertex   8.757143e+01 7.250000e+00 1.066987e+00
    endloop
  endfacet
  facet normal 0.000000e+00 -5.735764e-01 -8.191520e-01
    outer loop
      vertex   8.757143e+01 7.178606e+00 1.116978e+00
      vertex   8.757143e+01 7.250000e+00 1.066987e+00
      vertex   8.928571e+01 7.250000e+00 1.066987e+00
    endloop
  endfacet
  facet normal -0.000000e+00 -4.226183e-01 -9.063078e-01
    outer loop
      vertex   8.928571e+01 7.250000e+00 1.066987e+00
      vertex   8.757143e+01 7.250000e+00 1.066987e+00
      vertex   8.928571e+01 7.328990e+00 1.030154e+00
    endloop
  endfacet
  facet normal -0.000000e+00 -7.071068e-01 -7.071068e-01
    outer loop
      vertex   8.585714e+01 7.178606e+00 1.116978e+00
      vertex   8.414286e+01 7.116978e+00 1.178606e+00
      vertex   8.414286e+01 7.178606e+00 1.116978e+00
    endloop
  endfacet
  facet normal -0.000000e+00 -5.735764e-01 -8.191520e-01
    outer loop
      vertex   8.585714e+01 7.178606e+00 1.116978e+00
      vertex   8.414286e+01 7.178606e+00 1.116978e+00
      vertex   8.585714e+01 7.250000e+00 1.066987e+00
    endloop
  endfacet
  facet normal 1.061015e-16 -5.735764e-01 -8.191520e-01
    outer loop
      vertex   8.585714e+01 7.250000e+00 1.066987e+00
      vertex   8.414286e+01 7.178606e+00 1.116978e+00
      vertex   8.414286e+01 7.250000e+00 1.066987e+00
    endloop
  endfacet
  facet normal 1.173904e-16 -4.226183e-01 -9.063078e-01
    outer loop
      vertex   8.585714e+01 7.250000e+00 1.066987e+00
      vertex   8.414286e+01 7.250000e+00 1.066987e+00
      vertex   8.585714e+01 7.328990e+00 1.030154e+00
    endloop
  endfacet
  facet normal -0.000000e+00 -4.226183e-01 -9.063078e-01
    outer loop
      vertex   8.585714e+01 7.328990e+00 1.030154e+00
      vertex   8.414286e+01 7.250000e+00 1.066987e+00
      vertex   8.414286e+01 7.328990e+00 1.030154e+00
    endloop
  endfacet
  facet normal -0.000000e+00 -2.588190e-01 -9.659258e-01
    outer loop
      vertex   8.585714e+01 7.328990e+00 1.030154e+00
      vertex   8.414286e+01 7.328990e+00 1.030154e+00
      vertex   8.585714e+01 7.413176e+00 1.007596e+00
    endloop
  endfacet
  facet normal -0.000000e+00 -2.588190e-01 -9.659258e-01
    outer loop
      vertex   8.585714e+01 7.413176e+00 1.007596e+00
      vertex   8.414286e+01 7.328990e+00 1.030154e+00
      vertex   8.414286e+01 7.413176e+00 1.007596e+00
    endloop
  endfacet
  facet normal -0.000000e+00 -8.715574e-02 -9.961947e-01
    outer loop
      vertex   8.585714e+01 7.413176e+00 1.007596e+00
      vertex   8.414286e+01 7.413176e+00 1.007596e+00
      vertex   8.585714e+01 7.500000e+00 1.000000e+00
    endloop
  endfacet
  facet normal 4.515575e-17 -8.715574e-02 -9.961947e-01
    outer loop
      vertex   8.585714e+01 7.500000e+00 1.000000e+00
      vertex   8.414286e+01 7.413176e+00 1.007596e+00
      vertex   8.414286e+01 7.500000e+00 1.000000e+00
    endloop
  endfacet
  facet normal -4.515575e-17 8.715574e-02 -9.961947e-01
    outer loop
      vertex   8.585714e+01 7.500000e+00 1.000000e+00
      vertex   8.414286e+01 7.500000e+00 1.000000e+00
      vertex   8.585714e+01 7.586824e+00 1.007596e+00
    endloop
  endfacet
  facet normal 0.000000e+00 8.715574e-02 -9.961947e-01
    outer loop
      vertex   8.585714e+01 7.586824e+00 1.007596e+00
      vertex   8.414286e+01 7.500000e+00 1.000000e+00
      vertex   8.414286e+01 7.586824e+00 1.007596e+00
    endloop
  endfacet
  facet normal 0.000000e+00 2.588190e-01 -9.659258e-01
    outer loop
      vertex   8.585714e+01 7.586824e+00 1.007596e+00
      vertex   8.414286e+01 7.586824e+00 1.007596e+00
      vertex   8.585714e+01 7.671010e+00 1.030154e+00
    endloop
  endfacet
  facet normal 0.000000e+00 2.588190e-01 -9.659258e-01
    outer loop
      vertex   8.585714e+01 7.671010e+00 1.030154e+00
      vertex   8.414286e+01 7.586824e+00 1.007596e+00
      vertex   8.414286e+01 7.671010e+00 1.030154e+00
    endloop
  endfacet
  facet normal 0.000000e+00 4.226183e-01 -9.063078e-01
    outer loop
      vertex   8.585714e+01 7.671010e+00 1.030154e+00
      vertex   8.414286e+01 7.671010e+00 1.030154e+00
      vertex   8.585714e+01 7.750000e+00 1.066987e+00
    endloop
  endfacet
  facet normal 0.000000e+00 4.226183e-01 -9.063078e-01
    outer loop
      vertex   8.585714e+01 7.750000e+00 1.066987e+00
      vertex   8.414286e+01 7.671010e+00 1.030154e+00
      vertex   8.414286e+01 7.750000e+00 1.066987e+00
    endloop
  endfacet
  facet normal 0.000000e+00 5.735764e-01 -8.191520e-01
    outer loop
      vertex   8.585714e+01 7.750000e+00 1.066987e+00
      vertex   8.414286e+01 7.750000e+00 1.066987e+00
      vertex   8.585714e+01 7.821394e+00 1.116978e+00
    endloop
  endfacet
  facet normal 1.061015e-16 5.735764e-01 -8.191520e-01
    outer loop
      vertex   8.585714e+01 7.821394e+00 1.116978e+00
      vertex   8.414286e+01 7.750000e+00 1.066987e+00
      vertex   8.414286e+01 7.821394e+00 1.116978e+00
    endloop
  endfacet
  facet normal 9.158873e-17 7.071068e-01 -7.071068e-01
    outer loop
      vertex   8.585714e+01 7.821394e+00 1.116978e+00
      vertex   8.414286e+01 7.821394e+00 1.116978e+00
      vertex   8.585714e+01 7.883022e+00 1.178606e+00
    endloop
  endfacet
  facet normal 0.000000e+00 7.071068e-01 -7.071068e-01
    outer loop
      vertex   8.585714e+01 7.883022e+00 1.178606e+00
      vertex   8.414286e+01 7.821394e+00 1.116978e+00
      vertex   8.414286e+01 7.883022e+00 1.178606e+00
    endloop
  endfacet
  facet normal 0.000000e+00 8.191520e-01 -5.735764e-01
    outer loop
      vertex   8.585714e+01 7.883022e+00 1.178606e+00
      vertex   8.414286e+01 7.883022e+00 1.178606e+00
      vertex   8.585714e+01 7.933013e+00 1.250000e+00
    endloop
  endfacet
  facet normal 0.000000e+00 8.191520e-01 -5.735764e-01
    outer loop
      vertex   8.585714e+01 7.933013e+00 1.250000e+00
      vertex   8.414286e+01 7.883022e+00 1.178606e+00
      vertex   8.414286e+01 7.933013e+00 1.250000e+00
    endloop
  endfacet
  facet normal 0.000000e+00 9.063078e-01 -4.226183e-01
    outer loop
      vertex   8.585714e+01 7.933013e+00 1.250000e+00
      vertex   8.414286e+01 7.933013e+00 1.250000e+00
      vertex   8.585714e+01 7.969846e+00 1.328990e+00
    endloop
  endfacet
  facet normal 0.000000e+00 -5.735764e-01 -8.191520e-01
    outer loop
      vertex   8.585714e+01 7.178606e+00 1.116978e+00
      vertex   8.585714e+01 7.250000e+00 1.066987e+00
      vertex   8.757143e+01 7.250000e+00 1.066987e+00
    endloop
  endfacet
  facet normal -0.000000e+00 -4.226183e-01 -9.063078e-01
    outer loop
      vertex   8.757143e+01 7.250000e+00 1.066987e+00
      vertex   8.585714e+01 7.250000e+00 1.066987e+00
      vertex   8.757143e+01 7.328990e+00 1.030154e+00
    endloop
  endfacet
  facet normal 0.000000e+00 -4.226183e-01 -9.063078e-01
    outer loop
      vertex   8.757143e+01 7.250000e+00 1.066987e+00
      vertex   8.757143e+01 7.328990e+00 1.030154e+00
      vertex   8.928571e+01 7.328990e+00 1.030154e+00
    endloop
  endfacet
  facet normal -0.000000e+00 -2.588190e-01 -9.659258e-01
    outer loop
      vertex   8.928571e+01 7.328990e+00 1.030154e+00
      vertex   8.757143e+01 7.328990e+00 1.030154e+00
      vertex   8.928571e+01 7.413176e+00 1.007596e+00
    endloop
  endfacet
  facet normal -0.000000e+00 -4.226183e-01 -9.063078e-01
    outer loop
      vertex   8.757143e+01 7.328990e+00 1.030154e+00
      vertex   8.585714e+01 7.250000e+00 1.066987e+00
      vertex   8.585714e+01 7.328990e+00 1.030154e+00
    endloop
  endfacet
  facet normal -0.000000e+00 -2.588190e-01 -9.659258e-01
    outer loop
      vertex   8.757143e+01 7.328990e+00 1.030154e+00
      vertex   8.585714e+01 7.328990e+00 1.030154e+00
      vertex   8.757143e+01 7.413176e+00 1.007596e+00
    endloop
  endfacet
  facet normal -0.000000e+00 -2.588190e-01 -9.659258e-01
    outer loop
      vertex   8.757143e+01 7.413176e+00 1.007596e+00
      vertex   8.585714e+01 7.328990e+00 1.030154e+00
      vertex   8.585714e+01 7.413176e+00 1.007596e+00
    endloop
  endfacet
  facet normal -0.000000e+00 -8.715574e-02 -9.961947e-01
    outer loop
      vertex   8.757143e+01 7.413176e+00 1.007596e+00
      vertex   8.585714e+01 7.413176e+00 1.007596e+00
      vertex   8.757143e+01 7.500000e+00 1.000000e+00
    endloop
  endfacet
  facet normal -0.000000e+00 -8.715574e-02 -9.961947e-01
    outer loop
      vertex   8.757143e+01 7.500000e+00 1.000000e+00
      vertex   8.585714e+01 7.413176e+00 1.007596e+00
      vertex   8.585714e+01 7.500000e+00 1.000000e+00
    endloop
  endfacet
  facet normal 0.000000e+00 8.715574e-02 -9.961947e-01
    outer loop
      vertex   8.757143e+01 7.500000e+00 1.000000e+00
      vertex   8.585714e+01 7.500000e+00 1.000000e+00
      vertex   8.757143e+01 7.586824e+00 1.007596e+00
    endloop
  endfacet
  facet normal 0.000000e+00 8.715574e-02 -9.961947e-01
    outer loop
      vertex   8.757143e+01 7.586824e+00 1.007596e+00
      vertex   8.585714e+01 7.500000e+00 1.000000e+00
      vertex   8.585714e+01 7.586824e+00 1.007596e+00
    endloop
  endfacet
  facet normal 0.000000e+00 2.588190e-01 -9.659258e-01
    outer loop
      vertex   8.757143e+01 7.586824e+00 1.007596e+00
      vertex   8.585714e+01 7.586824e+00 1.007596e+00
      vertex   8.757143e+01 7.671010e+00 1.030154e+00
    endloop
  endfacet
  facet normal 0.000000e+00 2.588190e-01 -9.659258e-01
    outer loop
      vertex   8.757143e+01 7.671010e+00 1.030154e+00
      vertex   8.585714e+01 7.586824e+00 1.007596e+00
      vertex   8.585714e+01 7.671010e+00 1.030154e+00
    endloop
  endfacet
  facet normal 0.000000e+00 4.226183e-01 -9.063078e-01
    outer loop
      vertex   8.757143e+01 7.671010e+00 1.030154e+00
      vertex   8.585714e+01 7.671010e+00 1.030154e+00
      vertex   8.757143e+01 7.750000e+00 1.066987e+00
    endloop
  endfacet
  facet normal 0.000000e+00 4.226183e-01 -9.063078e-01
    outer loop
      vertex   8.757143e+01 7.750000e+00 1.066987e+00
      vertex   8.585714e+01 7.671010e+00 1.030154e+00
      vertex   8.585714e+01 7.750000e+00 1.066987e+00
    endloop
  endfacet
  facet normal 0.000000e+00 5.735764e-01 -8.191520e-01
    outer loop
      vertex   8.757143e+01 7.750000e+00 1.066987e+00
      vertex   8.585714e+01 7.750000e+00 1.066987e+00
      vertex   8.757143e+01 7.821394e+00 1.116978e+00
    endloop
  endfacet
  facet normal 0.000000e+00 5.735764e-01 -8.191520e-01
    outer loop
      vertex   8.757143e+01 7.821394e+00 1.116978e+00
      vertex   8.585714e+01 7.750000e+00 1.066987e+00
      vertex   8.585714e+01 7.821394e+00 1.116978e+00
    endloop
  endfacet
  facet normal 0.000000e+00 7.071068e-01 -7.071068e-01
    outer loop
      vertex   8.757143e+01 7.821394e+00 1.116978e+00
      vertex   8.585714e+01 7.821394e+00 1.116978e+00
      vertex   8.757143e+01 7.883022e+00 1.178606e+00
    endloop
  endfacet
  facet normal 0.000000e+00 7.071068e-01 -7.071068e-01
    outer loop
      vertex   8.757143e+01 7.883022e+00 1.178606e+00
      vertex   8.585714e+01 7.821394e+00 1.116978e+00
      vertex   8.585714e+01 7.883022e+00 1.178606e+00
    endloop
  endfacet
  facet normal 0.000000e+00 8.191520e-01 -5.735764e-01
    outer loop
      vertex   8.757143e+01 7.883022e+00 1.178606e+00
      vertex   8.585714e+01 7.883022e+00 1.178606e+00
      vertex   8.757143e+01 7.933013e+00 1.250000e+00
    endloop
  endfacet
  facet normal -7.429307e-17 8.191520e-01 -5.735764e-01
    outer loop
      vertex   8.757143e+01 7.933013e+00 1.250000e+00
      vertex   8.585714e+01 7.883022e+00 1.178606e+00
      vertex   8.585714e+01 7.933013e+00 1.250000e+00
    endloop
  endfacet
  facet normal -5.474006e-17 9.063078e-01 -4.226183e-01
    outer loop
      vertex   8.757143e+01 7.933013e+00 1.250000e+00
      vertex   8.585714e+01 7.933013e+00 1.250000e+00
      vertex   8.757143e+01 7.969846e+00 1.328990e+00
    endloop
  endfacet
  facet normal 0.000000e+00 9.063078e-01 -4.226183e-01
    outer loop
      vertex   8.757143e+01 7.969846e+00 1.328990e+00
      vertex   8.585714e+01 7.933013e+00 1.250000e+00
      vertex   8.585714e+01 7.969846e+00 1.328990e+00
    endloop
  endfacet
  facet normal 0.000000e+00 9.659258e-01 -2.588190e-01
    outer loop
      vertex   8.757143e+01 7.969846e+00 1.328990e+00
      vertex   8.585714e+01 7.969846e+00 1.328990e+00
      vertex   8.757143e+01 7.992404e+00 1.413176e+00
    endloop
  endfacet
  facet normal 0.000000e+00 -8.715574e-02 -9.961947e-01
    outer loop
      vertex   8.928571e+01 7.500000e+00 1.000000e+00
      vertex   8.928571e+01 7.413176e+00 1.007596e+00
      vertex   8.757143e+01 7.413176e+00 1.007596e+00
    endloop
  endfacet
  facet normal 0.000000e+00 -2.588190e-01 -9.659258e-01
    outer loop
      vertex   8.757143e+01 7.413176e+00 1.007596e+00
      vertex   8.928571e+01 7.413176e+00 1.007596e+00
      vertex   8.757143e+01 7.328990e+00 1.030154e+00
    endloop
  endfacet
  facet normal -0.000000e+00 -8.715574e-02 -9.961947e-01
    outer loop
      vertex   8.928571e+01 7.500000e+00 1.000000e+00
      vertex   8.757143e+01 7.413176e+00 1.007596e+00
      vertex   8.757143e+01 7.500000e+00 1.000000e+00
    endloop
  endfacet
  facet normal 0.000000e+00 8.715574e-02 -9.961947e-01
    outer loop
      vertex   8.928571e+01 7.586824e+00 1.007596e+00
      vertex   8.928571e+01 7.500000e+00 1.000000e+00
      vertex   8.757143e+01 7.500000e+00 1.000000e+00
    endloop
  endfacet
  facet normal 0.000000e+00 8.715574e-02 -9.961947e-01
    outer loop
      vertex   8.928571e+01 7.586824e+00 1.007596e+00
      vertex   8.757143e+01 7.500000e+00 1.000000e+00
      vertex   8.757143e+01 7.586824e+00 1.007596e+00
    endloop
  endfacet
  facet normal 0.000000e+00 2.588190e-01 -9.659258e-01
    outer loop
      vertex   8.928571e+01 7.671010e+00 1.030154e+00
      vertex   8.928571e+01 7.586824e+00 1.007596e+00
      vertex   8.757143e+01 7.586824e+00 1.007596e+00
    endloop
  endfacet
  facet normal 0.000000e+00 2.588190e-01 -9.659258e-01
    outer loop
      vertex   8.928571e+01 7.671010e+00 1.030154e+00
      vertex   8.757143e+01 7.586824e+00 1.007596e+00
      vertex   8.757143e+01 7.671010e+00 1.030154e+00
    endloop
  endfacet
  facet normal 0.000000e+00 4.226183e-01 -9.063078e-01
    outer loop
      vertex   8.928571e+01 7.750000e+00 1.066987e+00
      vertex   8.928571e+01 7.671010e+00 1.030154e+00
      vertex   8.757143e+01 7.671010e+00 1.030154e+00
    endloop
  endfacet
  facet normal 0.000000e+00 4.226183e-01 -9.063078e-01
    outer loop
      vertex   8.928571e+01 7.750000e+00 1.066987e+00
      vertex   8.757143e+01 7.671010e+00 1.030154e+00
      vertex   8.757143e+01 7.750000e+00 1.066987e+00
    endloop
  endfacet
  facet normal 0.000000e+00 5.735764e-01 -8.191520e-01
    outer loop
      vertex   8.928571e+01 7.821394e+00 1.116978e+00
      vertex   8.928571e+01 7.750000e+00 1.066987e+00
      vertex   8.757143e+01 7.750000e+00 1.066987e+00
    endloop
  endfacet
  facet normal 0.000000e+00 5.735764e-01 -8.191520e-01
    outer loop
      vertex   8.928571e+01 7.821394e+00 1.116978e+00
      vertex   8.757143e+01 7.750000e+00 1.066987e+00
      vertex   8.757143e+01 7.821394e+00 1.116978e+00
    endloop
  endfacet
  facet normal 0.000000e+00 7.071068e-01 -7.071068e-01
    outer loop
      vertex   8.928571e+01 7.883022e+00 1.178606e+00
      vertex   8.928571e+01 7.821394e+00 1.116978e+00
      vertex   8.757143e+01 7.821394e+00 1.116978e+00
    endloop
  endfacet
  facet normal 0.000000e+00 7.071068e-01 -7.071068e-01
    outer loop
      vertex   8.928571e+01 7.883022e+00 1.178606e+00
      vertex   8.757143e+01 7.821394e+00 1.116978e+00
      vertex   8.757143e+01 7.883022e+00 1.178606e+00
    endloop
  endfacet
  facet normal 0.000000e+00 8.191520e-01 -5.735764e-01
    outer loop
      vertex   8.928571e+01 7.933013e+00 1.250000e+00
      vertex   8.928571e+01 7.883022e+00 1.178606e+00
      vertex   8.757143e+01 7.883022e+00 1.178606e+00
    endloop
  endfacet
  facet normal 0.000000e+00 8.191520e-01 -5.735764e-01
    outer loop
      vertex   8.928571e+01 7.933013e+00 1.250000e+00
      vertex   8.757143e+01 7.883022e+00 1.178606e+00
      vertex   8.757143e+01 7.933013e+00 1.250000e+00
    endloop
  endfacet
  facet normal 0.000000e+00 9.063078e-01 -4.226183e-01
    outer loop
      vertex   8.928571e+01 7.969846e+00 1.328990e+00
      vertex   8.928571e+01 7.933013e+00 1.250000e+00
      vertex   8.757143e+01 7.933013e+00 1.250000e+00
    endloop
  endfacet
  facet normal 0.000000e+00 9.063078e-01 -4.226183e-01
    outer loop
      vertex   8.928571e+01 7.969846e+00 1.328990e+00
      vertex   8.757143e+01 7.933013e+00 1.250000e+00
      vertex   8.757143e+01 7.969846e+00 1.328990e+00
    endloop
  endfacet
  facet normal 0.000000e+00 9.659258e-01 -2.588190e-01
    outer loop
      vertex   8.928571e+01 7.992404e+00 1.413176e+00
      vertex   8.928571e+01 7.969846e+00 1.328990e+00
      vertex   8.757143e+01 7.969846e+00 1.328990e+00
    endloop
  endfacet
  facet normal 0.000000e+00 9.659258e-01 -2.588190e-01
    outer loop
      vertex   8.928571e+01 7.992404e+00 1.413176e+00
      vertex   8.757143e+01 7.969846e+00 1.328990e+00
      vertex   8.757143e+01 7.992404e+00 1.413176e+00
    endloop
  endfacet
  facet normal 1.000000e+00 0.000000e+00 0.000000e+00
    outer loop
      vertex   9.100000e+01 8.000000e+00 1.500000e+00
      vertex   9.100000e+01 7.000000e+00 1.500000e+00
      vertex   9.100000e+01 7.992404e+00 1.413176e+00
    endloop
  endfacet
  facet normal 1.000000e+00 0.000000e+00 0.000000e+00
    outer loop
      vertex   9.100000e+01 7.992404e+00 1.413176e+00
      vertex   9.100000e+01 7.000000e+00 1.500000e+00
      vertex   9.100000e+01 7.007596e+00 1.413176e+00
    endloop
  endfacet
  facet normal 1.000000e+00 0.000000e+00 0.000000e+00
    outer loop
      vertex   9.100000e+01 7.992404e+00 1.413176e+00
      vertex   9.100000e+01 7.007596e+00 1.413176e+00
      vertex   9.100000e+01 7.969846e+00 1.328990e+00
    endloop
  endfacet
  facet normal 1.000000e+00 0.000000e+00 0.000000e+00
    outer loop
      vertex   9.100000e+01 7.969846e+00 1.328990e+00
      vertex   9.100000e+01 7.007596e+00 1.413176e+00
      vertex   9.100000e+01 7.030154e+00 1.328990e+00
    endloop
  endfacet
  facet normal 1.000000e+00 0.000000e+00 0.000000e+00
    outer loop
      vertex   9.100000e+01 7.969846e+00 1.328990e+00
      vertex   9.100000e+01 7.030154e+00 1.328990e+00
      vertex   9.100000e+01 7.933013e+00 1.250000e+00
    endloop
  endfacet
  facet normal 1.000000e+00 0.000000e+00 0.000000e+00
    outer loop
      vertex   9.100000e+01 7.933013e+00 1.250000e+00
      vertex   9.100000e+01 7.030154e+00 1.328990e+00
      vertex   9.100000e+01 7.066987e+00 1.250000e+00
    endloop
  endfacet
  facet normal 1.000000e+00 0.000000e+00 0.000000e+00
    outer loop
      vertex   9.100000e+01 7.933013e+00 1.250000e+00
      vertex   9.100000e+01 7.066987e+00 1.250000e+00
      vertex   9.100000e+01 7.883022e+00 1.178606e+00
    endloop
  endfacet
  facet normal 1.000000e+00 0.000000e+00 0.000000e+00
    outer loop
      vertex   9.100000e+01 7.883022e+00 1.178606e+00
      vertex   9.100000e+01 7.066987e+00 1.250000e+00
      vertex   9.100000e+01 7.116978e+00 1.178606e+00
    endloop
  endfacet
  facet normal 1.000000e+00 0.000000e+00 0.000000e+00
    outer loop
      vertex   9.100000e+01 7.883022e+00 1.178606e+00
      vertex   9.100000e+01 7.116978e+00 1.178606e+00
      vertex   9.100000e+01 7.821394e+00 1.116978e+00
    endloop
  endfacet
  facet normal 1.000000e+00 0.000000e+00 0.000000e+00
    outer loop
      vertex   9.100000e+01 7.821394e+00 1.116978e+00
      vertex   9.100000e+01 7.116978e+00 1.178606e+00
      vertex   9.100000e+01 7.178606e+00 1.116978e+00
    endloop
  endfacet
  facet normal 1.000000e+00 0.000000e+00 0.000000e+00
    outer loop
      vertex   9.100000e+01 7.821394e+00 1.116978e+00
      vertex   9.100000e+01 7.178606e+00 1.116978e+00
      vertex   9.100000e+01 7.750000e+00 1.066987e+00
    endloop
  endfacet
  facet normal 1.000000e+00 0.000000e+00 0.000000e+00
    outer loop
      vertex   9.100000e+01 7.750000e+00 1.066987e+00
      vertex   9.100000e+01 7.178606e+00 1.116978e+00
      vertex   9.100000e+01 7.250000e+00 1.066987e+00
    endloop
  endfacet
  facet normal 1.000000e+00 0.000000e+00 0.000000e+00
    outer loop
      vertex   9.100000e+01 7.750000e+00 1.066987e+00
      vertex   9.100000e+01 7.250000e+00 1.066987e+00
      vertex   9.100000e+01 7.671010e+00 1.030154e+00
    endloop
  endfacet
  facet normal 1.000000e+00 0.000000e+00 0.000000e+00
    outer loop
      vertex   9.100000e+01 7.671010e+00 1.030154e+00
      vertex   9.100000e+01 7.250000e+00 1.066987e+00
      vertex   9.100000e+01 7.328990e+00 1.030154e+00
    endloop
  endfacet
  facet normal 1.000000e+00 0.000000e+00 0.000000e+00
    outer loop
      vertex   9.100000e+01 7.671010e+00 1.030154e+00
      vertex   9.100000e+01 7.328990e+00 1.030154e+00
      vertex   9.100000e+01 7.586824e+00 1.007596e+00
    endloop
  endfacet
  facet normal 1.000000e+00 0.000000e+00 0.000000e+00
    outer loop
      vertex   9.100000e+01 7.586824e+00 1.007596e+00
      vertex   9.100000e+01 7.328990e+00 1.030154e+00
      vertex   9.100000e+01 7.413176e+00 1.007596e+00
    endloop
  endfacet
  facet normal 1.000000e+00 0.000000e+00 0.000000e+00
    outer loop
      vertex   9.100000e+01 7.586824e+00 1.007596e+00
      vertex   9.100000e+01 7.413176e+00 1.007596e+00
      vertex   9.100000e+01 7.500000e+00 1.000000e+00
    endloop
  endfacet
  facet normal 1.000000e+00 -0.000000e+00 0.000000e+00
    outer loop
      vertex   3.000000e+00 1.500000e+00 5.850000e+01
      vertex   3.000000e+00 1.500000e+00 7.500000e+00
      vertex   3.000000e+00 4.500000e+00 5.850000e+01
    endloop
  endfacet
  facet normal 1.000000e+00 0.000000e+00 0.000000e+00
    outer loop
      vertex   3.000000e+00 4.500000e+00 5.850000e+01
      vertex   3.000000e+00 1.500000e+00 7.500000e+00
      vertex   3.000000e+00 4.500000e+00 7.500000e+00
    endloop
  endfacet
  facet normal 0.000000e+00 1.000000e+00 0.000000e+00
    outer loop
      vertex   1.500000e+00 4.500000e+00 6.000000e+00
      vertex   3.000000e+00 4.500000e+00 7.500000e+00
      vertex   2.500000e+01 4.500000e+00 6.000000e+00
    endloop
  endfacet
  facet normal 0.000000e+00 1.000000e+00 -0.000000e+00
    outer loop
      vertex   2.500000e+01 4.500000e+00 6.000000e+00
      vertex   3.000000e+00 4.500000e+00 7.500000e+00
      vertex   2.650000e+01 4.500000e+00 7.500000e+00
    endloop
  endfacet
  facet normal -0.000000e+00 1.000000e+00 0.000000e+00
    outer loop
      vertex   2.500000e+01 4.500000e+00 6.000000e+00
      vertex   2.650000e+01 4.500000e+00 7.500000e+00
      vertex   2.650000e+01 4.500000e+00 3.000000e+00
    endloop
  endfacet
  facet normal 0.000000e+00 1.000000e+00 0.000000e+00
    outer loop
      vertex   1.500000e+00 4.500000e+00 6.000000e+00
      vertex   1.500000e+00 4.500000e+00 6.000000e+01
      vertex   3.000000e+00 4.500000e+00 7.500000e+00
    endloop
  endfacet
  facet normal 0.000000e+00 1.000000e+00 -0.000000e+00
    outer loop
      vertex   3.000000e+00 4.500000e+00 7.500000e+00
      vertex   1.500000e+00 4.500000e+00 6.000000e+01
      vertex   3.000000e+00 4.500000e+00 5.850000e+01
    endloop
  endfacet
  facet normal 0.000000e+00 1.000000e+00 -0.000000e+00
    outer loop
      vertex   3.000000e+00 4.500000e+00 5.850000e+01
      vertex   1.500000e+00 4.500000e+00 6.000000e+01
      vertex   2.500000e+01 4.500000e+00 6.000000e+01
    endloop
  endfacet
  facet normal 0.000000e+00 1.000000e+00 0.000000e+00
    outer loop
      vertex   3.000000e+00 4.500000e+00 5.850000e+01
      vertex   2.500000e+01 4.500000e+00 6.000000e+01
      vertex   2.650000e+01 4.500000e+00 5.850000e+01
    endloop
  endfacet
  facet normal 0.000000e+00 1.000000e+00 -0.000000e+00
    outer loop
      vertex   2.650000e+01 4.500000e+00 5.850000e+01
      vertex   2.500000e+01 4.500000e+00 6.000000e+01
      vertex   2.650000e+01 4.500000e+00 6.300000e+01
    endloop
  endfacet
  facet normal 0.000000e+00 1.000000e+00 0.000000e+00
    outer loop
      vertex   2.650000e+01 4.500000e+00 6.300000e+01
      vertex   2.500000e+01 4.500000e+00 6.000000e+01
      vertex   2.500000e+01 4.500000e+00 6.300000e+01
    endloop
  endfacet
  facet normal 0.000000e+00 1.000000e+00 0.000000e+00
    outer loop
      vertex   2.650000e+01 4.500000e+00 3.000000e+00
      vertex   2.500000e+01 4.500000e+00 3.000000e+00
      vertex   2.500000e+01 4.500000e+00 6.000000e+00
    endloop
  endfacet
  facet normal -1.000000e+00 -0.000000e+00 -0.000000e+00
    outer loop
      vertex   1.670000e+02 4.500000e+00 5.850000e+01
      vertex   1.670000e+02 4.500000e+00 7.500000e+00
      vertex   1.670000e+02 1.500000e+00 5.850000e+01
    endloop
  endfacet
  facet normal -1.000000e+00 0.000000e+00 0.000000e+00
    outer loop
      vertex   1.670000e+02 1.500000e+00 5.850000e+01
      vertex   1.670000e+02 4.500000e+00 7.500000e+00
      vertex   1.670000e+02 1.500000e+00 7.500000e+00
    endloop
  endfacet
  facet normal 1.000000e+00 0.000000e+00 -0.000000e+00
    outer loop
      vertex   1.685000e+02 4.500000e+00 6.000000e+00
      vertex   1.685000e+02 4.500000e+00 6.000000e+01
      vertex   1.685000e+02 1.500000e+00 6.000000e+00
    endloop
  endfacet
  facet normal 1.000000e+00 0.000000e+00 0.000000e+00
    outer loop
      vertex   1.685000e+02 1.500000e+00 6.000000e+00
      vertex   1.685000e+02 4.500000e+00 6.000000e+01
      vertex   1.685000e+02 1.500000e+00 6.000000e+01
    endloop
  endfacet
  facet normal -0.000000e+00 1.000000e+00 0.000000e+00
    outer loop
      vertex   1.450000e+02 4.500000e+00 6.000000e+00
      vertex   1.670000e+02 4.500000e+00 7.500000e+00
      vertex   1.685000e+02 4.500000e+00 6.000000e+00
    endloop
  endfacet
  facet normal 0.000000e+00 1.000000e+00 0.000000e+00
    outer loop
      vertex   1.685000e+02 4.500000e+00 6.000000e+00
      vertex   1.670000e+02 4.500000e+00 7.500000e+00
      vertex   1.670000e+02 4.500000e+00 5.850000e+01
    endloop
  endfacet
  facet normal 0.000000e+00 1.000000e+00 -0.000000e+00
    outer loop
      vertex   1.685000e+02 4.500000e+00 6.000000e+00
      vertex   1.670000e+02 4.500000e+00 5.850000e+01
      vertex   1.685000e+02 4.500000e+00 6.000000e+01
    endloop
  endfacet
  facet normal 0.000000e+00 1.000000e+00 0.000000e+00
    outer loop
      vertex   1.685000e+02 4.500000e+00 6.000000e+01
      vertex   1.670000e+02 4.500000e+00 5.850000e+01
      vertex   1.450000e+02 4.500000e+00 6.000000e+01
    endloop
  endfacet
  facet normal 0.000000e+00 1.000000e+00 0.000000e+00
    outer loop
      vertex   1.450000e+02 4.500000e+00 6.000000e+01
      vertex   1.670000e+02 4.500000e+00 5.850000e+01
      vertex   1.435000e+02 4.500000e+00 5.850000e+01
    endloop
  endfacet
  facet normal 0.000000e+00 1.000000e+00 0.000000e+00
    outer loop
      vertex   1.450000e+02 4.500000e+00 6.000000e+01
      vertex   1.435000e+02 4.500000e+00 5.850000e+01
      vertex   1.435000e+02 4.500000e+00 6.300000e+01
    endloop
  endfacet
  facet normal 0.000000e+00 1.000000e+00 -0.000000e+00
    outer loop
      vertex   1.450000e+02 4.500000e+00 3.000000e+00
      vertex   1.435000e+02 4.500000e+00 3.000000e+00
      vertex   1.450000e+02 4.500000e+00 6.000000e+00
    endloop
  endfacet
  facet normal 0.000000e+00 1.000000e+00 0.000000e+00
    outer loop
      vertex   1.450000e+02 4.500000e+00 6.000000e+00
      vertex   1.435000e+02 4.500000e+00 3.000000e+00
      vertex   1.435000e+02 4.500000e+00 7.500000e+00
    endloop
  endfacet
  facet normal 0.000000e+00 1.000000e+00 -0.000000e+00
    outer loop
      vertex   1.450000e+02 4.500000e+00 6.000000e+00
      vertex   1.435000e+02 4.500000e+00 7.500000e+00
      vertex   1.670000e+02 4.500000e+00 7.500000e+00
    endloop
  endfacet
  facet normal -0.000000e+00 1.000000e+00 0.000000e+00
    outer loop
      vertex   1.435000e+02 4.500000e+00 6.300000e+01
      vertex   1.450000e+02 4.500000e+00 6.300000e+01
      vertex   1.450000e+02 4.500000e+00 6.000000e+01
    endloop
  endfacet
  facet normal 0.000000e+00 0.000000e+00 -1.000000e+00
    outer loop
      vertex   9.100000e+01 8.000000e+00 1.500000e+00
      vertex   1.450000e+02 8.500000e+00 1.500000e+00
      vertex   9.100000e+01 7.000000e+00 1.500000e+00
    endloop
  endfacet
  facet normal 0.000000e+00 0.000000e+00 -1.000000e+00
    outer loop
      vertex   9.100000e+01 7.000000e+00 1.500000e+00
      vertex   1.450000e+02 8.500000e+00 1.500000e+00
      vertex   1.450000e+02 1.500000e+00 1.500000e+00
    endloop
  endfacet
  facet normal 0.000000e+00 -0.000000e+00 -1.000000e+00
    outer loop
      vertex   9.100000e+01 7.000000e+00 1.500000e+00
      vertex   1.450000e+02 1.500000e+00 1.500000e+00
      vertex   2.500000e+01 1.500000e+00 1.500000e+00
    endloop
  endfacet
  facet normal 0.000000e+00 0.000000e+00 -1.000000e+00
    outer loop
      vertex   9.100000e+01 8.000000e+00 1.500000e+00
      vertex   7.900000e+01 8.000000e+00 1.500000e+00
      vertex   1.450000e+02 8.500000e+00 1.500000e+00
    endloop
  endfacet
  facet normal -0.000000e+00 0.000000e+00 -1.000000e+00
    outer loop
      vertex   1.450000e+02 8.500000e+00 1.500000e+00
      vertex   7.900000e+01 8.000000e+00 1.500000e+00
      vertex   2.500000e+01 8.500000e+00 1.500000e+00
    endloop
  endfacet
  facet normal 0.000000e+00 0.000000e+00 -1.000000e+00
    outer loop
      vertex   2.500000e+01 8.500000e+00 1.500000e+00
      vertex   7.900000e+01 8.000000e+00 1.500000e+00
      vertex   7.900000e+01 7.000000e+00 1.500000e+00
    endloop
  endfacet
  facet normal 0.000000e+00 0.000000e+00 -1.000000e+00
    outer loop
      vertex   2.500000e+01 8.500000e+00 1.500000e+00
      vertex   7.900000e+01 7.000000e+00 1.500000e+00
      vertex   2.500000e+01 1.500000e+00 1.500000e+00
    endloop
  endfacet
  facet normal 0.000000e+00 0.000000e+00 -1.000000e+00
    outer loop
      vertex   2.500000e+01 1.500000e+00 1.500000e+00
      vertex   7.900000e+01 7.000000e+00 1.500000e+00
      vertex   9.100000e+01 7.000000e+00 1.500000e+00
    endloop
  endfacet
  facet normal 1.000000e+00 0.000000e+00 0.000000e+00
    outer loop
      vertex   1.450000e+02 4.500000e+00 6.000000e+00
      vertex   1.450000e+02 1.500000e+00 6.000000e+00
      vertex   1.450000e+02 4.500000e+00 3.000000e+00
    endloop
  endfacet
  facet normal 1.000000e+00 0.000000e+00 0.000000e+00
    outer loop
      vertex   1.450000e+02 4.500000e+00 3.000000e+00
      vertex   1.450000e+02 1.500000e+00 6.000000e+00
      vertex   1.450000e+02 1.500000e+00 1.500000e+00
    endloop
  endfacet
  facet normal 1.000000e+00 0.000000e+00 0.000000e+00
    outer loop
      vertex   1.450000e+02 4.500000e+00 3.000000e+00
      vertex   1.450000e+02 1.500000e+00 1.500000e+00
      vertex   1.450000e+02 8.500000e+00 1.500000e+00
    endloop
  endfacet
  facet normal 1.000000e+00 0.000000e+00 -0.000000e+00
    outer loop
      vertex   1.450000e+02 8.500000e+00 1.500000e+00
      vertex   1.450000e+02 8.500000e+00 3.000000e+00
      vertex   1.450000e+02 4.500000e+00 3.000000e+00
    endloop
  endfacet
  facet normal -1.000000e+00 0.000000e+00 0.000000e+00
    outer loop
      vertex   2.500000e+01 8.500000e+00 1.500000e+00
      vertex   2.500000e+01 1.500000e+00 1.500000e+00
      vertex   2.500000e+01 4.500000e+00 3.000000e+00
    endloop
  endfacet
  facet normal -1.000000e+00 -0.000000e+00 0.000000e+00
    outer loop
      vertex   2.500000e+01 4.500000e+00 3.000000e+00
      vertex   2.500000e+01 1.500000e+00 1.500000e+00
      vertex   2.500000e+01 1.500000e+00 6.000000e+00
    endloop
  endfacet
  facet normal -1.000000e+00 0.000000e+00 0.000000e+00
    outer loop
      vertex   2.500000e+01 4.500000e+00 3.000000e+00
      vertex   2.500000e+01 1.500000e+00 6.000000e+00
      vertex   2.500000e+01 4.500000e+00 6.000000e+00
    endloop
  endfacet
  facet normal -1.000000e+00 0.000000e+00 0.000000e+00
    outer loop
      vertex   2.500000e+01 4.500000e+00 3.000000e+00
      vertex   2.500000e+01 8.500000e+00 3.000000e+00
      vertex   2.500000e+01 8.500000e+00 1.500000e+00
    endloop
  endfacet
  facet normal -0.000000e+00 1.000000e+00 0.000000e+00
    outer loop
      vertex   2.500000e+01 8.500000e+00 3.000000e+00
      vertex   1.450000e+02 8.500000e+00 3.000000e+00
      vertex   2.500000e+01 8.500000e+00 1.500000e+00
    endloop
  endfacet
  facet normal 0.000000e+00 1.000000e+00 0.000000e+00
    outer loop
      vertex   2.500000e+01 8.500000e+00 1.500000e+00
      vertex   1.450000e+02 8.500000e+00 3.000000e+00
      vertex   1.450000e+02 8.500000e+00 1.500000e+00
    endloop
  endfacet
  facet normal 1.000000e+00 0.000000e+00 0.000000e+00
    outer loop
      vertex   1.450000e+02 8.500000e+00 6.450000e+01
      vertex   1.450000e+02 1.500000e+00 6.450000e+01
      vertex   1.450000e+02 4.500000e+00 6.300000e+01
    endloop
  endfacet
  facet normal 1.000000e+00 0.000000e+00 0.000000e+00
    outer loop
      vertex   1.450000e+02 4.500000e+00 6.300000e+01
      vertex   1.450000e+02 1.500000e+00 6.450000e+01
      vertex   1.450000e+02 1.500000e+00 6.000000e+01
    endloop
  endfacet
  facet normal 1.000000e+00 0.000000e+00 0.000000e+00
    outer loop
      vertex   1.450000e+02 4.500000e+00 6.300000e+01
      vertex   1.450000e+02 1.500000e+00 6.000000e+01
      vertex   1.450000e+02 4.500000e+00 6.000000e+01
    endloop
  endfacet
  facet normal 1.000000e+00 0.000000e+00 0.000000e+00
    outer loop
      vertex   1.450000e+02 4.500000e+00 6.300000e+01
      vertex   1.450000e+02 8.500000e+00 6.300000e+01
      vertex   1.450000e+02 8.500000e+00 6.450000e+01
    endloop
  endfacet
  facet normal 0.000000e+00 0.000000e+00 1.000000e+00
    outer loop
      vertex   7.900000e+01 8.000000e+00 6.450000e+01
      vertex   2.500000e+01 8.500000e+00 6.450000e+01
      vertex   7.900000e+01 7.000000e+00 6.450000e+01
    endloop
  endfacet
  facet normal 0.000000e+00 0.000000e+00 1.000000e+00
    outer loop
      vertex   7.900000e+01 7.000000e+00 6.450000e+01
      vertex   2.500000e+01 8.500000e+00 6.450000e+01
      vertex   2.500000e+01 1.500000e+00 6.450000e+01
    endloop
  endfacet
  facet normal 0.000000e+00 0.000000e+00 1.000000e+00
    outer loop
      vertex   7.900000e+01 7.000000e+00 6.450000e+01
      vertex   2.500000e+01 1.500000e+00 6.450000e+01
      vertex   1.450000e+02 1.500000e+00 6.450000e+01
    endloop
  endfacet
  facet normal 0.000000e+00 -0.000000e+00 1.000000e+00
    outer loop
      vertex   7.900000e+01 8.000000e+00 6.450000e+01
      vertex   9.100000e+01 8.000000e+00 6.450000e+01
      vertex   2.500000e+01 8.500000e+00 6.450000e+01
    endloop
  endfacet
  facet normal -0.000000e+00 0.000000e+00 1.000000e+00
    outer loop
      vertex   2.500000e+01 8.500000e+00 6.450000e+01
      vertex   9.100000e+01 8.000000e+00 6.450000e+01
      vertex   1.450000e+02 8.500000e+00 6.450000e+01
    endloop
  endfacet
  facet normal 0.000000e+00 0.000000e+00 1.000000e+00
    outer loop
      vertex   1.450000e+02 8.500000e+00 6.450000e+01
      vertex   9.100000e+01 8.000000e+00 6.450000e+01
      vertex   9.100000e+01 7.000000e+00 6.450000e+01
    endloop
  endfacet
  facet normal 0.000000e+00 0.000000e+00 1.000000e+00
    outer loop
      vertex   1.450000e+02 8.500000e+00 6.450000e+01
      vertex   9.100000e+01 7.000000e+00 6.450000e+01
      vertex   1.450000e+02 1.500000e+00 6.450000e+01
    endloop
  endfacet
  facet normal 0.000000e+00 0.000000e+00 1.000000e+00
    outer loop
      vertex   1.450000e+02 1.500000e+00 6.450000e+01
      vertex   9.100000e+01 7.000000e+00 6.450000e+01
      vertex   7.900000e+01 7.000000e+00 6.450000e+01
    endloop
  endfacet
  facet normal -1.000000e+00 0.000000e+00 0.000000e+00
    outer loop
      vertex   2.500000e+01 4.500000e+00 6.000000e+01
      vertex   2.500000e+01 1.500000e+00 6.000000e+01
      vertex   2.500000e+01 4.500000e+00 6.300000e+01
    endloop
  endfacet
  facet normal -1.000000e+00 -7.894919e-16 7.894919e-16
    outer loop
      vertex   2.500000e+01 4.500000e+00 6.300000e+01
      vertex   2.500000e+01 1.500000e+00 6.000000e+01
      vertex   2.500000e+01 1.500000e+00 6.450000e+01
    endloop
  endfacet
  facet normal -1.000000e+00 0.000000e+00 2.368476e-15
    outer loop
      vertex   2.500000e+01 4.500000e+00 6.300000e+01
      vertex   2.500000e+01 1.500000e+00 6.450000e+01
      vertex   2.500000e+01 8.500000e+00 6.450000e+01
    endloop
  endfacet
  facet normal -1.000000e+00 8.881784e-16 0.000000e+00
    outer loop
      vertex   2.500000e+01 8.500000e+00 6.450000e+01
      vertex   2.500000e+01 8.500000e+00 6.300000e+01
      vertex   2.500000e+01 4.500000e+00 6.300000e+01
    endloop
  endfacet
  facet normal -0.000000e+00 1.000000e+00 0.000000e+00
    outer loop
      vertex   2.500000e+01 8.500000e+00 6.450000e+01
      vertex   1.450000e+02 8.500000e+00 6.450000e+01
      vertex   2.500000e+01 8.500000e+00 6.300000e+01
    endloop
  endfacet
  facet normal 0.000000e+00 1.000000e+00 0.000000e+00
    outer loop
      vertex   2.500000e+01 8.500000e+00 6.300000e+01
      vertex   1.450000e+02 8.500000e+00 6.450000e+01
      vertex   1.450000e+02 8.500000e+00 6.300000e+01
    endloop
  endfacet
  facet normal -9.981756e-01 0.000000e+00 -6.037850e-02
    outer loop
      vertex   0.000000e+00 0.000000e+00 5.000000e+00
      vertex   0.000000e+00 1.500000e+00 5.000000e+00
      vertex   3.645563e-02 0.000000e+00 4.397317e+00
    endloop
  endfacet
  facet normal -9.981756e-01 -3.336479e-16 -6.037850e-02
    outer loop
      vertex   3.645563e-02 0.000000e+00 4.397317e+00
      vertex   0.000000e+00 1.500000e+00 5.000000e+00
      vertex   3.645563e-02 1.500000e+00 4.397317e+00
    endloop
  endfacet
  facet normal -9.836199e-01 -2.572801e-16 -1.802550e-01
    outer loop
      vertex   3.645563e-02 0.000000e+00 4.397317e+00
      vertex   3.645563e-02 1.500000e+00 4.397317e+00
      vertex   1.452909e-01 0.000000e+00 3.803422e+00
    endloop
  endfacet
  facet normal -9.836199e-01 0.000000e+00 -1.802550e-01
    outer loop
      vertex   1.452909e-01 0.000000e+00 3.803422e+00
      vertex   3.645563e-02 1.500000e+00 4.397317e+00
      vertex   1.452909e-01 1.500000e+00 3.803422e+00
    endloop
  endfacet
  facet normal -9.547209e-01 0.000000e+00 -2.975031e-01
    outer loop
      vertex   1.452909e-01 0.000000e+00 3.803422e+00
      vertex   1.452909e-01 1.500000e+00 3.803422e+00
      vertex   3.249188e-01 0.000000e+00 3.226976e+00
    endloop
  endfacet
  facet normal -9.547209e-01 1.761572e-16 -2.975031e-01
    outer loop
      vertex   3.249188e-01 0.000000e+00 3.226976e+00
      vertex   1.452909e-01 1.500000e+00 3.803422e+00
      vertex   3.249188e-01 1.500000e+00 3.226976e+00
    endloop
  endfacet
  facet normal -9.118998e-01 2.430132e-16 -4.104128e-01
    outer loop
      vertex   3.249188e-01 0.000000e+00 3.226976e+00
      vertex   3.249188e-01 1.500000e+00 3.226976e+00
      vertex   5.727199e-01 0.000000e+00 2.676384e+00
    endloop
  endfacet
  facet normal -9.118998e-01 -6.749415e-17 -4.104128e-01
    outer loop
      vertex   5.727199e-01 0.000000e+00 2.676384e+00
      vertex   3.249188e-01 1.500000e+00 3.226976e+00
      vertex   5.727199e-01 1.500000e+00 2.676384e+00
    endloop
  endfacet
  facet normal -8.557813e-01 -6.334054e-17 -5.173378e-01
    outer loop
      vertex   5.727199e-01 0.000000e+00 2.676384e+00
      vertex   5.727199e-01 1.500000e+00 2.676384e+00
      vertex   8.850807e-01 0.000000e+00 2.159676e+00
    endloop
  endfacet
  facet normal -8.557813e-01 -1.001994e-16 -5.173378e-01
    outer loop
      vertex   8.850807e-01 0.000000e+00 2.159676e+00
      vertex   5.727199e-01 1.500000e+00 2.676384e+00
      vertex   8.850807e-01 1.500000e+00 2.159676e+00
    endloop
  endfacet
  facet normal -7.871835e-01 -5.046766e-17 -6.167189e-01
    outer loop
      vertex   8.850807e-01 0.000000e+00 2.159676e+00
      vertex   8.850807e-01 1.500000e+00 2.159676e+00
      vertex   1.257446e+00 0.000000e+00 1.684387e+00
    endloop
  endfacet
  facet normal -7.871835e-01 -5.046766e-17 -6.167189e-01
    outer loop
      vertex   1.257446e+00 0.000000e+00 1.684387e+00
      vertex   8.850807e-01 1.500000e+00 2.159676e+00
      vertex   1.257446e+00 1.500000e+00 1.684387e+00
    endloop
  endfacet
  facet normal -7.071068e-01 0.000000e+00 -7.071068e-01
    outer loop
      vertex   1.257446e+00 0.000000e+00 1.684387e+00
      vertex   1.257446e+00 1.500000e+00 1.684387e+00
      vertex   1.684387e+00 0.000000e+00 1.257446e+00
    endloop
  endfacet
  facet normal -7.071068e-01 0.000000e+00 -7.071068e-01
    outer loop
      vertex   1.684387e+00 0.000000e+00 1.257446e+00
      vertex   1.257446e+00 1.500000e+00 1.684387e+00
      vertex   1.684387e+00 1.500000e+00 1.257446e+00
    endloop
  endfacet
  facet normal -6.167189e-01 5.046766e-17 -7.871835e-01
    outer loop
      vertex   1.684387e+00 0.000000e+00 1.257446e+00
      vertex   1.684387e+00 1.500000e+00 1.257446e+00
      vertex   2.159676e+00 0.000000e+00 8.850807e-01
    endloop
  endfacet
  facet normal -6.167189e-01 5.046766e-17 -7.871835e-01
    outer loop
      vertex   2.159676e+00 0.000000e+00 8.850807e-01
      vertex   1.684387e+00 1.500000e+00 1.257446e+00
      vertex   2.159676e+00 1.500000e+00 8.850807e-01
    endloop
  endfacet
  facet normal -5.173378e-01 1.001994e-16 -8.557813e-01
    outer loop
      vertex   2.159676e+00 0.000000e+00 8.850807e-01
      vertex   2.159676e+00 1.500000e+00 8.850807e-01
      vertex   2.676384e+00 0.000000e+00 5.727199e-01
    endloop
  endfacet
  facet normal -5.173378e-01 6.334054e-17 -8.557813e-01
    outer loop
      vertex   2.676384e+00 0.000000e+00 5.727199e-01
      vertex   2.159676e+00 1.500000e+00 8.850807e-01
      vertex   2.676384e+00 1.500000e+00 5.727199e-01
    endloop
  endfacet
  facet normal -4.104128e-01 6.749415e-17 -9.118998e-01
    outer loop
      vertex   2.676384e+00 0.000000e+00 5.727199e-01
      vertex   2.676384e+00 1.500000e+00 5.727199e-01
      vertex   3.226976e+00 0.000000e+00 3.249188e-01
    endloop
  endfacet
  facet normal -4.104128e-01 -2.430132e-16 -9.118998e-01
    outer loop
      vertex   3.226976e+00 0.000000e+00 3.249188e-01
      vertex   2.676384e+00 1.500000e+00 5.727199e-01
      vertex   3.226976e+00 1.500000e+00 3.249188e-01
    endloop
  endfacet
  facet normal -2.975031e-01 -1.761572e-16 -9.547209e-01
    outer loop
      vertex   3.226976e+00 0.000000e+00 3.249188e-01
      vertex   3.226976e+00 1.500000e+00 3.249188e-01
      vertex   3.803422e+00 0.000000e+00 1.452909e-01
    endloop
  endfacet
  facet normal -2.975031e-01 0.000000e+00 -9.547209e-01
    outer loop
      vertex   3.803422e+00 0.000000e+00 1.452909e-01
      vertex   3.226976e+00 1.500000e+00 3.249188e-01
      vertex   3.803422e+00 1.500000e+00 1.452909e-01
    endloop
  endfacet
  facet normal -1.802550e-01 0.000000e+00 -9.836199e-01
    outer loop
      vertex   3.803422e+00 0.000000e+00 1.452909e-01
      vertex   3.803422e+00 1.500000e+00 1.452909e-01
      vertex   4.397317e+00 0.000000e+00 3.645563e-02
    endloop
  endfacet
  facet normal -1.802550e-01 2.572801e-16 -9.836199e-01
    outer loop
      vertex   4.397317e+00 0.000000e+00 3.645563e-02
      vertex   3.803422e+00 1.500000e+00 1.452909e-01
      vertex   4.397317e+00 1.500000e+00 3.645563e-02
    endloop
  endfacet
  facet normal -6.037850e-02 3.336479e-16 -9.981756e-01
    outer loop
      vertex   4.397317e+00 0.000000e+00 3.645563e-02
      vertex   4.397317e+00 1.500000e+00 3.645563e-02
      vertex   5.000000e+00 0.000000e+00 0.000000e+00
    endloop
  endfacet
  facet normal -6.037850e-02 0.000000e+00 -9.981756e-01
    outer loop
      vertex   5.000000e+00 0.000000e+00 0.000000e+00
      vertex   4.397317e+00 1.500000e+00 3.645563e-02
      vertex   5.000000e+00 1.500000e+00 0.000000e+00
    endloop
  endfacet
  facet normal -1.000000e+00 0.000000e+00 0.000000e+00
    outer loop
      vertex   0.000000e+00 0.000000e+00 5.000000e+00
      vertex   0.000000e+00 0.000000e+00 6.100000e+01
      vertex   0.000000e+00 1.500000e+00 5.000000e+00
    endloop
  endfacet
  facet normal -1.000000e+00 0.000000e+00 0.000000e+00
    outer loop
      vertex   0.000000e+00 1.500000e+00 5.000000e+00
      vertex   0.000000e+00 0.000000e+00 6.100000e+01
      vertex   0.000000e+00 1.500000e+00 6.100000e+01
    endloop
  endfacet
  facet normal 0.000000e+00 -1.000000e+00 0.000000e+00
    outer loop
      vertex   3.645563e-02 0.000000e+00 4.397317e+00
      vertex   5.000000e+00 0.000000e+00 0.000000e+00
      vertex   0.000000e+00 0.000000e+00 5.000000e+00
    endloop
  endfacet
  facet normal 0.000000e+00 -1.000000e+00 0.000000e+00
    outer loop
      vertex   0.000000e+00 0.000000e+00 5.000000e+00
      vertex   5.000000e+00 0.000000e+00 0.000000e+00
      vertex   1.650000e+02 0.000000e+00 0.000000e+00
    endloop
  endfacet
  facet normal 0.000000e+00 -1.000000e+00 0.000000e+00
    outer loop
      vertex   0.000000e+00 0.000000e+00 5.000000e+00
      vertex   1.650000e+02 0.000000e+00 0.000000e+00
      vertex   1.700000e+02 0.000000e+00 5.000000e+00
    endloop
  endfacet
  facet normal 0.000000e+00 -1.000000e+00 0.000000e+00
    outer loop
      vertex   1.700000e+02 0.000000e+00 5.000000e+00
      vertex   1.650000e+02 0.000000e+00 0.000000e+00
      vertex   1.699635e+02 0.000000e+00 4.397317e+00
    endloop
  endfacet
  facet normal 0.000000e+00 -1.000000e+00 0.000000e+00
    outer loop
      vertex   1.699635e+02 0.000000e+00 4.397317e+00
      vertex   1.650000e+02 0.000000e+00 0.000000e+00
      vertex   1.698547e+02 0.000000e+00 3.803422e+00
    endloop
  endfacet
  facet normal 0.000000e+00 -1.000000e+00 0.000000e+00
    outer loop
      vertex   1.698547e+02 0.000000e+00 3.803422e+00
      vertex   1.650000e+02 0.000000e+00 0.000000e+00
      vertex   1.696751e+02 0.000000e+00 3.226976e+00
    endloop
  endfacet
  facet normal 0.000000e+00 -1.000000e+00 0.000000e+00
    outer loop
      vertex   1.696751e+02 0.000000e+00 3.226976e+00
      vertex   1.650000e+02 0.000000e+00 0.000000e+00
      vertex   1.694273e+02 0.000000e+00 2.676384e+00
    endloop
  endfacet
  facet normal 0.000000e+00 -1.000000e+00 0.000000e+00
    outer loop
      vertex   1.694273e+02 0.000000e+00 2.676384e+00
      vertex   1.650000e+02 0.000000e+00 0.000000e+00
      vertex   1.691149e+02 0.000000e+00 2.159676e+00
    endloop
  endfacet
  facet normal 0.000000e+00 -1.000000e+00 0.000000e+00
    outer loop
      vertex   1.691149e+02 0.000000e+00 2.159676e+00
      vertex   1.650000e+02 0.000000e+00 0.000000e+00
      vertex   1.687426e+02 0.000000e+00 1.684387e+00
    endloop
  endfacet
  facet normal 0.000000e+00 -1.000000e+00 0.000000e+00
    outer loop
      vertex   1.687426e+02 0.000000e+00 1.684387e+00
      vertex   1.650000e+02 0.000000e+00 0.000000e+00
      vertex   1.683156e+02 0.000000e+00 1.257446e+00
    endloop
  endfacet
  facet normal 0.000000e+00 -1.000000e+00 0.000000e+00
    outer loop
      vertex   1.683156e+02 0.000000e+00 1.257446e+00
      vertex   1.650000e+02 0.000000e+00 0.000000e+00
      vertex   1.678403e+02 0.000000e+00 8.850807e-01
    endloop
  endfacet
  facet normal 0.000000e+00 -1.000000e+00 0.000000e+00
    outer loop
      vertex   1.678403e+02 0.000000e+00 8.850807e-01
      vertex   1.650000e+02 0.000000e+00 0.000000e+00
      vertex   1.673236e+02 0.000000e+00 5.727199e-01
    endloop
  endfacet
  facet normal 0.000000e+00 -1.000000e+00 0.000000e+00
    outer loop
      vertex   1.673236e+02 0.000000e+00 5.727199e-01
      vertex   1.650000e+02 0.000000e+00 0.000000e+00
      vertex   1.667730e+02 0.000000e+00 3.249188e-01
    endloop
  endfacet
  facet normal 0.000000e+00 -1.000000e+00 0.000000e+00
    outer loop
      vertex   1.667730e+02 0.000000e+00 3.249188e-01
      vertex   1.650000e+02 0.000000e+00 0.000000e+00
      vertex   1.661966e+02 0.000000e+00 1.452909e-01
    endloop
  endfacet
  facet normal 0.000000e+00 -1.000000e+00 0.000000e+00
    outer loop
      vertex   1.661966e+02 0.000000e+00 1.452909e-01
      vertex   1.650000e+02 0.000000e+00 0.000000e+00
      vertex   1.656027e+02 0.000000e+00 3.645563e-02
    endloop
  endfacet
  facet normal 0.000000e+00 -1.000000e+00 0.000000e+00
    outer loop
      vertex   3.645563e-02 0.000000e+00 4.397317e+00
      vertex   1.452909e-01 0.000000e+00 3.803422e+00
      vertex   5.000000e+00 0.000000e+00 0.000000e+00
    endloop
  endfacet
  facet normal 0.000000e+00 -1.000000e+00 0.000000e+00
    outer loop
      vertex   5.000000e+00 0.000000e+00 0.000000e+00
      vertex   1.452909e-01 0.000000e+00 3.803422e+00
      vertex   3.249188e-01 0.000000e+00 3.226976e+00
    endloop
  endfacet
  facet normal 0.000000e+00 -1.000000e+00 0.000000e+00
    outer loop
      vertex   5.000000e+00 0.000000e+00 0.000000e+00
      vertex   3.249188e-01 0.000000e+00 3.226976e+00
      vertex   5.727199e-01 0.000000e+00 2.676384e+00
    endloop
  endfacet
  facet normal 0.000000e+00 -1.000000e+00 0.000000e+00
    outer loop
      vertex   5.727199e-01 0.000000e+00 2.676384e+00
      vertex   8.850807e-01 0.000000e+00 2.159676e+00
      vertex   5.000000e+00 0.000000e+00 0.000000e+00
    endloop
  endfacet
  facet normal 0.000000e+00 -1.000000e+00 0.000000e+00
    outer loop
      vertex   5.000000e+00 0.000000e+00 0.000000e+00
      vertex   8.850807e-01 0.000000e+00 2.159676e+00
      vertex   1.257446e+00 0.000000e+00 1.684387e+00
    endloop
  endfacet
  facet normal 0.000000e+00 -1.000000e+00 0.000000e+00
    outer loop
      vertex   5.000000e+00 0.000000e+00 0.000000e+00
      vertex   1.257446e+00 0.000000e+00 1.684387e+00
      vertex   1.684387e+00 0.000000e+00 1.257446e+00
    endloop
  endfacet
  facet normal 0.000000e+00 -1.000000e+00 0.000000e+00
    outer loop
      vertex   1.684387e+00 0.000000e+00 1.257446e+00
      vertex   2.159676e+00 0.000000e+00 8.850807e-01
      vertex   5.000000e+00 0.000000e+00 0.000000e+00
    endloop
  endfacet
  facet normal 0.000000e+00 -1.000000e+00 0.000000e+00
    outer loop
      vertex   5.000000e+00 0.000000e+00 0.000000e+00
      vertex   2.159676e+00 0.000000e+00 8.850807e-01
      vertex   2.676384e+00 0.000000e+00 5.727199e-01
    endloop
  endfacet
  facet normal 0.000000e+00 -1.000000e+00 0.000000e+00
    outer loop
      vertex   5.000000e+00 0.000000e+00 0.000000e+00
      vertex   2.676384e+00 0.000000e+00 5.727199e-01
      vertex   3.226976e+00 0.000000e+00 3.249188e-01
    endloop
  endfacet
  facet normal 0.000000e+00 -1.000000e+00 0.000000e+00
    outer loop
      vertex   3.226976e+00 0.000000e+00 3.249188e-01
      vertex   3.803422e+00 0.000000e+00 1.452909e-01
      vertex   5.000000e+00 0.000000e+00 0.000000e+00
    endloop
  endfacet
  facet normal 0.000000e+00 -1.000000e+00 0.000000e+00
    outer loop
      vertex   5.000000e+00 0.000000e+00 0.000000e+00
      vertex   3.803422e+00 0.000000e+00 1.452909e-01
      vertex   4.397317e+00 0.000000e+00 3.645563e-02
    endloop
  endfacet
  facet normal 0.000000e+00 -1.000000e+00 0.000000e+00
    outer loop
      vertex   0.000000e+00 0.000000e+00 5.000000e+00
      vertex   1.700000e+02 0.000000e+00 5.000000e+00
      vertex   0.000000e+00 0.000000e+00 6.100000e+01
    endloop
  endfacet
  facet normal 0.000000e+00 -1.000000e+00 0.000000e+00
    outer loop
      vertex   0.000000e+00 0.000000e+00 6.100000e+01
      vertex   1.700000e+02 0.000000e+00 5.000000e+00
      vertex   1.700000e+02 0.000000e+00 6.100000e+01
    endloop
  endfacet
  facet normal 0.000000e+00 -1.000000e+00 0.000000e+00
    outer loop
      vertex   0.000000e+00 0.000000e+00 6.100000e+01
      vertex   1.700000e+02 0.000000e+00 6.100000e+01
      vertex   4.397317e+00 0.000000e+00 6.596354e+01
    endloop
  endfacet
  facet normal 0.000000e+00 -1.000000e+00 0.000000e+00
    outer loop
      vertex   4.397317e+00 0.000000e+00 6.596354e+01
      vertex   1.700000e+02 0.000000e+00 6.100000e+01
      vertex   1.656027e+02 0.000000e+00 6.596354e+01
    endloop
  endfacet
  facet normal 0.000000e+00 -1.000000e+00 0.000000e+00
    outer loop
      vertex   4.397317e+00 0.000000e+00 6.596354e+01
      vertex   1.656027e+02 0.000000e+00 6.596354e+01
      vertex   5.000000e+00 0.000000e+00 6.600000e+01
    endloop
  endfacet
  facet normal 0.000000e+00 -1.000000e+00 0.000000e+00
    outer loop
      vertex   5.000000e+00 0.000000e+00 6.600000e+01
      vertex   1.656027e+02 0.000000e+00 6.596354e+01
      vertex   1.650000e+02 0.000000e+00 6.600000e+01
    endloop
  endfacet
  facet normal 0.000000e+00 -1.000000e+00 0.000000e+00
    outer loop
      vertex   1.700000e+02 0.000000e+00 6.100000e+01
      vertex   1.699635e+02 0.000000e+00 6.160268e+01
      vertex   1.656027e+02 0.000000e+00 6.596354e+01
    endloop
  endfacet
  facet normal 0.000000e+00 -1.000000e+00 0.000000e+00
    outer loop
      vertex   1.656027e+02 0.000000e+00 6.596354e+01
      vertex   1.699635e+02 0.000000e+00 6.160268e+01
      vertex   1.698547e+02 0.000000e+00 6.219658e+01
    endloop
  endfacet
  facet normal 0.000000e+00 -1.000000e+00 0.000000e+00
    outer loop
      vertex   1.656027e+02 0.000000e+00 6.596354e+01
      vertex   1.698547e+02 0.000000e+00 6.219658e+01
      vertex   1.696751e+02 0.000000e+00 6.277302e+01
    endloop
  endfacet
  facet normal 0.000000e+00 -1.000000e+00 0.000000e+00
    outer loop
      vertex   1.696751e+02 0.000000e+00 6.277302e+01
      vertex   1.694273e+02 0.000000e+00 6.332362e+01
      vertex   1.656027e+02 0.000000e+00 6.596354e+01
    endloop
  endfacet
  facet normal 0.000000e+00 -1.000000e+00 0.000000e+00
    outer loop
      vertex   1.656027e+02 0.000000e+00 6.596354e+01
      vertex   1.694273e+02 0.000000e+00 6.332362e+01
      vertex   1.691149e+02 0.000000e+00 6.384032e+01
    endloop
  endfacet
  facet normal 0.000000e+00 -1.000000e+00 0.000000e+00
    outer loop
      vertex   1.656027e+02 0.000000e+00 6.596354e+01
      vertex   1.691149e+02 0.000000e+00 6.384032e+01
      vertex   1.687426e+02 0.000000e+00 6.431561e+01
    endloop
  endfacet
  facet normal 0.000000e+00 -1.000000e+00 0.000000e+00
    outer loop
      vertex   1.687426e+02 0.000000e+00 6.431561e+01
      vertex   1.683156e+02 0.000000e+00 6.474255e+01
      vertex   1.656027e+02 0.000000e+00 6.596354e+01
    endloop
  endfacet
  facet normal 0.000000e+00 -1.000000e+00 0.000000e+00
    outer loop
      vertex   1.656027e+02 0.000000e+00 6.596354e+01
      vertex   1.683156e+02 0.000000e+00 6.474255e+01
      vertex   1.678403e+02 0.000000e+00 6.511492e+01
    endloop
  endfacet
  facet normal 0.000000e+00 -1.000000e+00 0.000000e+00
    outer loop
      vertex   1.656027e+02 0.000000e+00 6.596354e+01
      vertex   1.678403e+02 0.000000e+00 6.511492e+01
      vertex   1.673236e+02 0.000000e+00 6.542728e+01
    endloop
  endfacet
  facet normal 0.000000e+00 -1.000000e+00 0.000000e+00
    outer loop
      vertex   1.673236e+02 0.000000e+00 6.542728e+01
      vertex   1.667730e+02 0.000000e+00 6.567508e+01
      vertex   1.656027e+02 0.000000e+00 6.596354e+01
    endloop
  endfacet
  facet normal 0.000000e+00 -1.000000e+00 0.000000e+00
    outer loop
      vertex   1.656027e+02 0.000000e+00 6.596354e+01
      vertex   1.667730e+02 0.000000e+00 6.567508e+01
      vertex   1.661966e+02 0.000000e+00 6.585471e+01
    endloop
  endfacet
  facet normal 0.000000e+00 -1.000000e+00 -0.000000e+00
    outer loop
      vertex   3.803422e+00 0.000000e+00 6.585471e+01
      vertex   3.226976e+00 0.000000e+00 6.567508e+01
      vertex   4.397317e+00 0.000000e+00 6.596354e+01
    endloop
  endfacet
  facet normal 0.000000e+00 -1.000000e+00 0.000000e+00
    outer loop
      vertex   4.397317e+00 0.000000e+00 6.596354e+01
      vertex   3.226976e+00 0.000000e+00 6.567508e+01
      vertex   2.676384e+00 0.000000e+00 6.542728e+01
    endloop
  endfacet
  facet normal 0.000000e+00 -1.000000e+00 0.000000e+00
    outer loop
      vertex   4.397317e+00 0.000000e+00 6.596354e+01
      vertex   2.676384e+00 0.000000e+00 6.542728e+01
      vertex   2.159676e+00 0.000000e+00 6.511492e+01
    endloop
  endfacet
  facet normal 0.000000e+00 -1.000000e+00 -0.000000e+00
    outer loop
      vertex   2.159676e+00 0.000000e+00 6.511492e+01
      vertex   1.684387e+00 0.000000e+00 6.474255e+01
      vertex   4.397317e+00 0.000000e+00 6.596354e+01
    endloop
  endfacet
  facet normal 0.000000e+00 -1.000000e+00 0.000000e+00
    outer loop
      vertex   4.397317e+00 0.000000e+00 6.596354e+01
      vertex   1.684387e+00 0.000000e+00 6.474255e+01
      vertex   1.257446e+00 0.000000e+00 6.431561e+01
    endloop
  endfacet
  facet normal 0.000000e+00 -1.000000e+00 0.000000e+00
    outer loop
      vertex   4.397317e+00 0.000000e+00 6.596354e+01
      vertex   1.257446e+00 0.000000e+00 6.431561e+01
      vertex   8.850807e-01 0.000000e+00 6.384032e+01
    endloop
  endfacet
  facet normal 0.000000e+00 -1.000000e+00 -0.000000e+00
    outer loop
      vertex   8.850807e-01 0.000000e+00 6.384032e+01
      vertex   5.727199e-01 0.000000e+00 6.332362e+01
      vertex   4.397317e+00 0.000000e+00 6.596354e+01
    endloop
  endfacet
  facet normal 0.000000e+00 -1.000000e+00 0.000000e+00
    outer loop
      vertex   4.397317e+00 0.000000e+00 6.596354e+01
      vertex   5.727199e-01 0.000000e+00 6.332362e+01
      vertex   3.249188e-01 0.000000e+00 6.277302e+01
    endloop
  endfacet
  facet normal 0.000000e+00 -1.000000e+00 0.000000e+00
    outer loop
      vertex   4.397317e+00 0.000000e+00 6.596354e+01
      vertex   3.249188e-01 0.000000e+00 6.277302e+01
      vertex   1.452909e-01 0.000000e+00 6.219658e+01
    endloop
  endfacet
  facet normal 0.000000e+00 -1.000000e+00 -0.000000e+00
    outer loop
      vertex   1.452909e-01 0.000000e+00 6.219658e+01
      vertex   3.645563e-02 0.000000e+00 6.160268e+01
      vertex   4.397317e+00 0.000000e+00 6.596354e+01
    endloop
  endfacet
  facet normal 0.000000e+00 -1.000000e+00 0.000000e+00
    outer loop
      vertex   4.397317e+00 0.000000e+00 6.596354e+01
      vertex   3.645563e-02 0.000000e+00 6.160268e+01
      vertex   0.000000e+00 0.000000e+00 6.100000e+01
    endloop
  endfacet
  facet normal -6.037850e-02 0.000000e+00 9.981756e-01
    outer loop
      vertex   5.000000e+00 0.000000e+00 6.600000e+01
      vertex   5.000000e+00 1.500000e+00 6.600000e+01
      vertex   4.397317e+00 0.000000e+00 6.596354e+01
    endloop
  endfacet
  facet normal -6.037850e-02 3.575125e-17 9.981756e-01
    outer loop
      vertex   4.397317e+00 0.000000e+00 6.596354e+01
      vertex   5.000000e+00 1.500000e+00 6.600000e+01
      vertex   4.397317e+00 1.500000e+00 6.596354e+01
    endloop
  endfacet
  facet normal -1.802550e-01 1.067324e-16 9.836199e-01
    outer loop
      vertex   4.397317e+00 0.000000e+00 6.596354e+01
      vertex   4.397317e+00 1.500000e+00 6.596354e+01
      vertex   3.803422e+00 0.000000e+00 6.585471e+01
    endloop
  endfacet
  facet normal -1.802550e-01 0.000000e+00 9.836199e-01
    outer loop
      vertex   3.803422e+00 0.000000e+00 6.585471e+01
      vertex   4.397317e+00 1.500000e+00 6.596354e+01
      vertex   3.803422e+00 1.500000e+00 6.585471e+01
    endloop
  endfacet
  facet normal -2.975031e-01 0.000000e+00 9.547209e-01
    outer loop
      vertex   3.803422e+00 0.000000e+00 6.585471e+01
      vertex   3.803422e+00 1.500000e+00 6.585471e+01
      vertex   3.226976e+00 0.000000e+00 6.567508e+01
    endloop
  endfacet
  facet normal -2.975031e-01 1.761572e-16 9.547209e-01
    outer loop
      vertex   3.226976e+00 0.000000e+00 6.567508e+01
      vertex   3.803422e+00 1.500000e+00 6.585471e+01
      vertex   3.226976e+00 1.500000e+00 6.567508e+01
    endloop
  endfacet
  facet normal -4.104128e-01 2.430132e-16 9.118998e-01
    outer loop
      vertex   3.226976e+00 0.000000e+00 6.567508e+01
      vertex   3.226976e+00 1.500000e+00 6.567508e+01
      vertex   2.676384e+00 0.000000e+00 6.542728e+01
    endloop
  endfacet
  facet normal -4.104128e-01 0.000000e+00 9.118998e-01
    outer loop
      vertex   2.676384e+00 0.000000e+00 6.542728e+01
      vertex   3.226976e+00 1.500000e+00 6.567508e+01
      vertex   2.676384e+00 1.500000e+00 6.542728e+01
    endloop
  endfacet
  facet normal -5.173378e-01 0.000000e+00 8.557813e-01
    outer loop
      vertex   2.676384e+00 0.000000e+00 6.542728e+01
      vertex   2.676384e+00 1.500000e+00 6.542728e+01
      vertex   2.159676e+00 0.000000e+00 6.511492e+01
    endloop
  endfacet
  facet normal -5.173378e-01 1.531628e-16 8.557813e-01
    outer loop
      vertex   2.159676e+00 0.000000e+00 6.511492e+01
      vertex   2.676384e+00 1.500000e+00 6.542728e+01
      vertex   2.159676e+00 1.500000e+00 6.511492e+01
    endloop
  endfacet
  facet normal -6.167189e-01 1.825855e-16 7.871835e-01
    outer loop
      vertex   2.159676e+00 0.000000e+00 6.511492e+01
      vertex   2.159676e+00 1.500000e+00 6.511492e+01
      vertex   1.684387e+00 0.000000e+00 6.474255e+01
    endloop
  endfacet
  facet normal -6.167189e-01 1.825855e-16 7.871835e-01
    outer loop
      vertex   1.684387e+00 0.000000e+00 6.474255e+01
      vertex   2.159676e+00 1.500000e+00 6.511492e+01
      vertex   1.684387e+00 1.500000e+00 6.474255e+01
    endloop
  endfacet
  facet normal -7.071068e-01 2.093457e-16 7.071068e-01
    outer loop
      vertex   1.684387e+00 0.000000e+00 6.474255e+01
      vertex   1.684387e+00 1.500000e+00 6.474255e+01
      vertex   1.257446e+00 0.000000e+00 6.431561e+01
    endloop
  endfacet
  facet normal -7.071068e-01 2.093457e-16 7.071068e-01
    outer loop
      vertex   1.257446e+00 0.000000e+00 6.431561e+01
      vertex   1.684387e+00 1.500000e+00 6.474255e+01
      vertex   1.257446e+00 1.500000e+00 6.431561e+01
    endloop
  endfacet
  facet normal -7.871835e-01 2.330531e-16 6.167189e-01
    outer loop
      vertex   1.257446e+00 0.000000e+00 6.431561e+01
      vertex   1.257446e+00 1.500000e+00 6.431561e+01
      vertex   8.850807e-01 0.000000e+00 6.384032e+01
    endloop
  endfacet
  facet normal -7.871835e-01 2.330531e-16 6.167189e-01
    outer loop
      vertex   8.850807e-01 0.000000e+00 6.384032e+01
      vertex   1.257446e+00 1.500000e+00 6.431561e+01
      vertex   8.850807e-01 1.500000e+00 6.384032e+01
    endloop
  endfacet
  facet normal -8.557813e-01 2.533622e-16 5.173378e-01
    outer loop
      vertex   8.850807e-01 0.000000e+00 6.384032e+01
      vertex   8.850807e-01 1.500000e+00 6.384032e+01
      vertex   5.727199e-01 0.000000e+00 6.332362e+01
    endloop
  endfacet
  facet normal -8.557813e-01 6.334054e-17 5.173378e-01
    outer loop
      vertex   5.727199e-01 0.000000e+00 6.332362e+01
      vertex   8.850807e-01 1.500000e+00 6.384032e+01
      vertex   5.727199e-01 1.500000e+00 6.332362e+01
    endloop
  endfacet
  facet normal -9.118998e-01 6.749415e-17 4.104128e-01
    outer loop
      vertex   5.727199e-01 0.000000e+00 6.332362e+01
      vertex   5.727199e-01 1.500000e+00 6.332362e+01
      vertex   3.249188e-01 0.000000e+00 6.277302e+01
    endloop
  endfacet
  facet normal -9.118998e-01 0.000000e+00 4.104128e-01
    outer loop
      vertex   3.249188e-01 0.000000e+00 6.277302e+01
      vertex   5.727199e-01 1.500000e+00 6.332362e+01
      vertex   3.249188e-01 1.500000e+00 6.277302e+01
    endloop
  endfacet
  facet normal -9.547209e-01 0.000000e+00 2.975031e-01
    outer loop
      vertex   3.249188e-01 0.000000e+00 6.277302e+01
      vertex   3.249188e-01 1.500000e+00 6.277302e+01
      vertex   1.452909e-01 0.000000e+00 6.219658e+01
    endloop
  endfacet
  facet normal -9.547209e-01 0.000000e+00 2.975031e-01
    outer loop
      vertex   1.452909e-01 0.000000e+00 6.219658e+01
      vertex   3.249188e-01 1.500000e+00 6.277302e+01
      vertex   1.452909e-01 1.500000e+00 6.219658e+01
    endloop
  endfacet
  facet normal -9.836199e-01 0.000000e+00 1.802550e-01
    outer loop
      vertex   1.452909e-01 0.000000e+00 6.219658e+01
      vertex   1.452909e-01 1.500000e+00 6.219658e+01
      vertex   3.645563e-02 0.000000e+00 6.160268e+01
    endloop
  endfacet
  facet normal -9.836199e-01 3.640125e-16 1.802550e-01
    outer loop
      vertex   3.645563e-02 0.000000e+00 6.160268e+01
      vertex   1.452909e-01 1.500000e+00 6.219658e+01
      vertex   3.645563e-02 1.500000e+00 6.160268e+01
    endloop
  endfacet
  facet normal -9.981756e-01 3.693992e-16 6.037850e-02
    outer loop
      vertex   3.645563e-02 0.000000e+00 6.160268e+01
      vertex   3.645563e-02 1.500000e+00 6.160268e+01
      vertex   0.000000e+00 0.000000e+00 6.100000e+01
    endloop
  endfacet
  facet normal -9.981756e-01 0.000000e+00 6.037850e-02
    outer loop
      vertex   0.000000e+00 0.000000e+00 6.100000e+01
      vertex   3.645563e-02 1.500000e+00 6.160268e+01
      vertex   0.000000e+00 1.500000e+00 6.100000e+01
    endloop
  endfacet
  facet normal 0.000000e+00 0.000000e+00 1.000000e+00
    outer loop
      vertex   5.000000e+00 0.000000e+00 6.600000e+01
      vertex   1.650000e+02 0.000000e+00 6.600000e+01
      vertex   5.000000e+00 1.500000e+00 6.600000e+01
    endloop
  endfacet
  facet normal -0.000000e+00 0.000000e+00 1.000000e+00
    outer loop
      vertex   5.000000e+00 1.500000e+00 6.600000e+01
      vertex   1.650000e+02 0.000000e+00 6.600000e+01
      vertex   1.650000e+02 1.500000e+00 6.600000e+01
    endloop
  endfacet
  facet normal 6.037850e-02 0.000000e+00 -9.981756e-01
    outer loop
      vertex   1.650000e+02 0.000000e+00 0.000000e+00
      vertex   1.650000e+02 1.500000e+00 0.000000e+00
      vertex   1.656027e+02 0.000000e+00 3.645563e-02
    endloop
  endfacet
  facet normal 6.037850e-02 -3.693992e-16 -9.981756e-01
    outer loop
      vertex   1.656027e+02 0.000000e+00 3.645563e-02
      vertex   1.650000e+02 1.500000e+00 0.000000e+00
      vertex   1.656027e+02 1.500000e+00 3.645563e-02
    endloop
  endfacet
  facet normal 1.802550e-01 -3.640125e-16 -9.836199e-01
    outer loop
      vertex   1.656027e+02 0.000000e+00 3.645563e-02
      vertex   1.656027e+02 1.500000e+00 3.645563e-02
      vertex   1.661966e+02 0.000000e+00 1.452909e-01
    endloop
  endfacet
  facet normal 1.802550e-01 0.000000e+00 -9.836199e-01
    outer loop
      vertex   1.661966e+02 0.000000e+00 1.452909e-01
      vertex   1.656027e+02 1.500000e+00 3.645563e-02
      vertex   1.661966e+02 1.500000e+00 1.452909e-01
    endloop
  endfacet
  facet normal 2.975031e-01 0.000000e+00 -9.547209e-01
    outer loop
      vertex   1.661966e+02 0.000000e+00 1.452909e-01
      vertex   1.661966e+02 1.500000e+00 1.452909e-01
      vertex   1.667730e+02 0.000000e+00 3.249188e-01
    endloop
  endfacet
  facet normal 2.975031e-01 0.000000e+00 -9.547209e-01
    outer loop
      vertex   1.667730e+02 0.000000e+00 3.249188e-01
      vertex   1.661966e+02 1.500000e+00 1.452909e-01
      vertex   1.667730e+02 1.500000e+00 3.249188e-01
    endloop
  endfacet
  facet normal 4.104128e-01 0.000000e+00 -9.118998e-01
    outer loop
      vertex   1.667730e+02 0.000000e+00 3.249188e-01
      vertex   1.667730e+02 1.500000e+00 3.249188e-01
      vertex   1.673236e+02 0.000000e+00 5.727199e-01
    endloop
  endfacet
  facet normal 4.104128e-01 -6.749415e-17 -9.118998e-01
    outer loop
      vertex   1.673236e+02 0.000000e+00 5.727199e-01
      vertex   1.667730e+02 1.500000e+00 3.249188e-01
      vertex   1.673236e+02 1.500000e+00 5.727199e-01
    endloop
  endfacet
  facet normal 5.173378e-01 -6.334054e-17 -8.557813e-01
    outer loop
      vertex   1.673236e+02 0.000000e+00 5.727199e-01
      vertex   1.673236e+02 1.500000e+00 5.727199e-01
      vertex   1.678403e+02 0.000000e+00 8.850807e-01
    endloop
  endfacet
  facet normal 5.173378e-01 -2.533622e-16 -8.557813e-01
    outer loop
      vertex   1.678403e+02 0.000000e+00 8.850807e-01
      vertex   1.673236e+02 1.500000e+00 5.727199e-01
      vertex   1.678403e+02 1.500000e+00 8.850807e-01
    endloop
  endfacet
  facet normal 6.167189e-01 -2.330531e-16 -7.871835e-01
    outer loop
      vertex   1.678403e+02 0.000000e+00 8.850807e-01
      vertex   1.678403e+02 1.500000e+00 8.850807e-01
      vertex   1.683156e+02 0.000000e+00 1.257446e+00
    endloop
  endfacet
  facet normal 6.167189e-01 -2.330531e-16 -7.871835e-01
    outer loop
      vertex   1.683156e+02 0.000000e+00 1.257446e+00
      vertex   1.678403e+02 1.500000e+00 8.850807e-01
      vertex   1.683156e+02 1.500000e+00 1.257446e+00
    endloop
  endfacet
  facet normal 7.071068e-01 -2.093457e-16 -7.071068e-01
    outer loop
      vertex   1.683156e+02 0.000000e+00 1.257446e+00
      vertex   1.683156e+02 1.500000e+00 1.257446e+00
      vertex   1.687426e+02 0.000000e+00 1.684387e+00
    endloop
  endfacet
  facet normal 7.071068e-01 -2.093457e-16 -7.071068e-01
    outer loop
      vertex   1.687426e+02 0.000000e+00 1.684387e+00
      vertex   1.683156e+02 1.500000e+00 1.257446e+00
      vertex   1.687426e+02 1.500000e+00 1.684387e+00
    endloop
  endfacet
  facet normal 7.871835e-01 -1.825855e-16 -6.167189e-01
    outer loop
      vertex   1.687426e+02 0.000000e+00 1.684387e+00
      vertex   1.687426e+02 1.500000e+00 1.684387e+00
      vertex   1.691149e+02 0.000000e+00 2.159676e+00
    endloop
  endfacet
  facet normal 7.871835e-01 -1.825855e-16 -6.167189e-01
    outer loop
      vertex   1.691149e+02 0.000000e+00 2.159676e+00
      vertex   1.687426e+02 1.500000e+00 1.684387e+00
      vertex   1.691149e+02 1.500000e+00 2.159676e+00
    endloop
  endfacet
  facet normal 8.557813e-01 -1.531628e-16 -5.173378e-01
    outer loop
      vertex   1.691149e+02 0.000000e+00 2.159676e+00
      vertex   1.691149e+02 1.500000e+00 2.159676e+00
      vertex   1.694273e+02 0.000000e+00 2.676384e+00
    endloop
  endfacet
  facet normal 8.557813e-01 0.000000e+00 -5.173378e-01
    outer loop
      vertex   1.694273e+02 0.000000e+00 2.676384e+00
      vertex   1.691149e+02 1.500000e+00 2.159676e+00
      vertex   1.694273e+02 1.500000e+00 2.676384e+00
    endloop
  endfacet
  facet normal 9.118998e-01 0.000000e+00 -4.104128e-01
    outer loop
      vertex   1.694273e+02 0.000000e+00 2.676384e+00
      vertex   1.694273e+02 1.500000e+00 2.676384e+00
      vertex   1.696751e+02 0.000000e+00 3.226976e+00
    endloop
  endfacet
  facet normal 9.118998e-01 -2.430132e-16 -4.104128e-01
    outer loop
      vertex   1.696751e+02 0.000000e+00 3.226976e+00
      vertex   1.694273e+02 1.500000e+00 2.676384e+00
      vertex   1.696751e+02 1.500000e+00 3.226976e+00
    endloop
  endfacet
  facet normal 9.547209e-01 -1.761572e-16 -2.975031e-01
    outer loop
      vertex   1.696751e+02 0.000000e+00 3.226976e+00
      vertex   1.696751e+02 1.500000e+00 3.226976e+00
      vertex   1.698547e+02 0.000000e+00 3.803422e+00
    endloop
  endfacet
  facet normal 9.547209e-01 0.000000e+00 -2.975031e-01
    outer loop
      vertex   1.698547e+02 0.000000e+00 3.803422e+00
      vertex   1.696751e+02 1.500000e+00 3.226976e+00
      vertex   1.698547e+02 1.500000e+00 3.803422e+00
    endloop
  endfacet
  facet normal 9.836199e-01 0.000000e+00 -1.802550e-01
    outer loop
      vertex   1.698547e+02 0.000000e+00 3.803422e+00
      vertex   1.698547e+02 1.500000e+00 3.803422e+00
      vertex   1.699635e+02 0.000000e+00 4.397317e+00
    endloop
  endfacet
  facet normal 9.836199e-01 -1.067324e-16 -1.802550e-01
    outer loop
      vertex   1.699635e+02 0.000000e+00 4.397317e+00
      vertex   1.698547e+02 1.500000e+00 3.803422e+00
      vertex   1.699635e+02 1.500000e+00 4.397317e+00
    endloop
  endfacet
  facet normal 9.981756e-01 -3.575125e-17 -6.037850e-02
    outer loop
      vertex   1.699635e+02 0.000000e+00 4.397317e+00
      vertex   1.699635e+02 1.500000e+00 4.397317e+00
      vertex   1.700000e+02 0.000000e+00 5.000000e+00
    endloop
  endfacet
  facet normal 9.981756e-01 0.000000e+00 -6.037850e-02
    outer loop
      vertex   1.700000e+02 0.000000e+00 5.000000e+00
      vertex   1.699635e+02 1.500000e+00 4.397317e+00
      vertex   1.700000e+02 1.500000e+00 5.000000e+00
    endloop
  endfacet
  facet normal 0.000000e+00 0.000000e+00 -1.000000e+00
    outer loop
      vertex   5.000000e+00 1.500000e+00 0.000000e+00
      vertex   1.650000e+02 1.500000e+00 0.000000e+00
      vertex   5.000000e+00 0.000000e+00 0.000000e+00
    endloop
  endfacet
  facet normal 0.000000e+00 0.000000e+00 -1.000000e+00
    outer loop
      vertex   5.000000e+00 0.000000e+00 0.000000e+00
      vertex   1.650000e+02 1.500000e+00 0.000000e+00
      vertex   1.650000e+02 0.000000e+00 0.000000e+00
    endloop
  endfacet
  facet normal 9.981756e-01 -0.000000e+00 6.037850e-02
    outer loop
      vertex   1.700000e+02 0.000000e+00 6.100000e+01
      vertex   1.700000e+02 1.500000e+00 6.100000e+01
      vertex   1.699635e+02 0.000000e+00 6.160268e+01
    endloop
  endfacet
  facet normal 9.981756e-01 -0.000000e+00 6.037850e-02
    outer loop
      vertex   1.699635e+02 0.000000e+00 6.160268e+01
      vertex   1.700000e+02 1.500000e+00 6.100000e+01
      vertex   1.699635e+02 1.500000e+00 6.160268e+01
    endloop
  endfacet
  facet normal 9.836199e-01 -0.000000e+00 1.802550e-01
    outer loop
      vertex   1.699635e+02 0.000000e+00 6.160268e+01
      vertex   1.699635e+02 1.500000e+00 6.160268e+01
      vertex   1.698547e+02 0.000000e+00 6.219658e+01
    endloop
  endfacet
  facet normal 9.836199e-01 -0.000000e+00 1.802550e-01
    outer loop
      vertex   1.698547e+02 0.000000e+00 6.219658e+01
      vertex   1.699635e+02 1.500000e+00 6.160268e+01
      vertex   1.698547e+02 1.500000e+00 6.219658e+01
    endloop
  endfacet
  facet normal 9.547209e-01 -0.000000e+00 2.975031e-01
    outer loop
      vertex   1.698547e+02 0.000000e+00 6.219658e+01
      vertex   1.698547e+02 1.500000e+00 6.219658e+01
      vertex   1.696751e+02 0.000000e+00 6.277302e+01
    endloop
  endfacet
  facet normal 9.547209e-01 -0.000000e+00 2.975031e-01
    outer loop
      vertex   1.696751e+02 0.000000e+00 6.277302e+01
      vertex   1.698547e+02 1.500000e+00 6.219658e+01
      vertex   1.696751e+02 1.500000e+00 6.277302e+01
    endloop
  endfacet
  facet normal 9.118998e-01 -0.000000e+00 4.104128e-01
    outer loop
      vertex   1.696751e+02 0.000000e+00 6.277302e+01
      vertex   1.696751e+02 1.500000e+00 6.277302e+01
      vertex   1.694273e+02 0.000000e+00 6.332362e+01
    endloop
  endfacet
  facet normal 9.118998e-01 -0.000000e+00 4.104128e-01
    outer loop
      vertex   1.694273e+02 0.000000e+00 6.332362e+01
      vertex   1.696751e+02 1.500000e+00 6.277302e+01
      vertex   1.694273e+02 1.500000e+00 6.332362e+01
    endloop
  endfacet
  facet normal 8.557813e-01 -0.000000e+00 5.173378e-01
    outer loop
      vertex   1.694273e+02 0.000000e+00 6.332362e+01
      vertex   1.694273e+02 1.500000e+00 6.332362e+01
      vertex   1.691149e+02 0.000000e+00 6.384032e+01
    endloop
  endfacet
  facet normal 8.557813e-01 -0.000000e+00 5.173378e-01
    outer loop
      vertex   1.691149e+02 0.000000e+00 6.384032e+01
      vertex   1.694273e+02 1.500000e+00 6.332362e+01
      vertex   1.691149e+02 1.500000e+00 6.384032e+01
    endloop
  endfacet
  facet normal 7.871835e-01 -0.000000e+00 6.167189e-01
    outer loop
      vertex   1.691149e+02 0.000000e+00 6.384032e+01
      vertex   1.691149e+02 1.500000e+00 6.384032e+01
      vertex   1.687426e+02 0.000000e+00 6.431561e+01
    endloop
  endfacet
  facet normal 7.871835e-01 -0.000000e+00 6.167189e-01
    outer loop
      vertex   1.687426e+02 0.000000e+00 6.431561e+01
      vertex   1.691149e+02 1.500000e+00 6.384032e+01
      vertex   1.687426e+02 1.500000e+00 6.431561e+01
    endloop
  endfacet
  facet normal 7.071068e-01 -0.000000e+00 7.071068e-01
    outer loop
      vertex   1.687426e+02 0.000000e+00 6.431561e+01
      vertex   1.687426e+02 1.500000e+00 6.431561e+01
      vertex   1.683156e+02 0.000000e+00 6.474255e+01
    endloop
  endfacet
  facet normal 7.071068e-01 -0.000000e+00 7.071068e-01
    outer loop
      vertex   1.683156e+02 0.000000e+00 6.474255e+01
      vertex   1.687426e+02 1.500000e+00 6.431561e+01
      vertex   1.683156e+02 1.500000e+00 6.474255e+01
    endloop
  endfacet
  facet normal 6.167189e-01 -0.000000e+00 7.871835e-01
    outer loop
      vertex   1.683156e+02 0.000000e+00 6.474255e+01
      vertex   1.683156e+02 1.500000e+00 6.474255e+01
      vertex   1.678403e+02 0.000000e+00 6.511492e+01
    endloop
  endfacet
  facet normal 6.167189e-01 -0.000000e+00 7.871835e-01
    outer loop
      vertex   1.678403e+02 0.000000e+00 6.511492e+01
      vertex   1.683156e+02 1.500000e+00 6.474255e+01
      vertex   1.678403e+02 1.500000e+00 6.511492e+01
    endloop
  endfacet
  facet normal 5.173378e-01 -0.000000e+00 8.557813e-01
    outer loop
      vertex   1.678403e+02 0.000000e+00 6.511492e+01
      vertex   1.678403e+02 1.500000e+00 6.511492e+01
      vertex   1.673236e+02 0.000000e+00 6.542728e+01
    endloop
  endfacet
  facet normal 5.173378e-01 -0.000000e+00 8.557813e-01
    outer loop
      vertex   1.673236e+02 0.000000e+00 6.542728e+01
      vertex   1.678403e+02 1.500000e+00 6.511492e+01
      vertex   1.673236e+02 1.500000e+00 6.542728e+01
    endloop
  endfacet
  facet normal 4.104128e-01 -0.000000e+00 9.118998e-01
    outer loop
      vertex   1.673236e+02 0.000000e+00 6.542728e+01
      vertex   1.673236e+02 1.500000e+00 6.542728e+01
      vertex   1.667730e+02 0.000000e+00 6.567508e+01
    endloop
  endfacet
  facet normal 4.104128e-01 -0.000000e+00 9.118998e-01
    outer loop
      vertex   1.667730e+02 0.000000e+00 6.567508e+01
      vertex   1.673236e+02 1.500000e+00 6.542728e+01
      vertex   1.667730e+02 1.500000e+00 6.567508e+01
    endloop
  endfacet
  facet normal 2.975031e-01 -0.000000e+00 9.547209e-01
    outer loop
      vertex   1.667730e+02 0.000000e+00 6.567508e+01
      vertex   1.667730e+02 1.500000e+00 6.567508e+01
      vertex   1.661966e+02 0.000000e+00 6.585471e+01
    endloop
  endfacet
  facet normal 2.975031e-01 -0.000000e+00 9.547209e-01
    outer loop
      vertex   1.661966e+02 0.000000e+00 6.585471e+01
      vertex   1.667730e+02 1.500000e+00 6.567508e+01
      vertex   1.661966e+02 1.500000e+00 6.585471e+01
    endloop
  endfacet
  facet normal 1.802550e-01 -0.000000e+00 9.836199e-01
    outer loop
      vertex   1.661966e+02 0.000000e+00 6.585471e+01
      vertex   1.661966e+02 1.500000e+00 6.585471e+01
      vertex   1.656027e+02 0.000000e+00 6.596354e+01
    endloop
  endfacet
  facet normal 1.802550e-01 -0.000000e+00 9.836199e-01
    outer loop
      vertex   1.656027e+02 0.000000e+00 6.596354e+01
      vertex   1.661966e+02 1.500000e+00 6.585471e+01
      vertex   1.656027e+02 1.500000e+00 6.596354e+01
    endloop
  endfacet
  facet normal 6.037850e-02 -0.000000e+00 9.981756e-01
    outer loop
      vertex   1.656027e+02 0.000000e+00 6.596354e+01
      vertex   1.656027e+02 1.500000e+00 6.596354e+01
      vertex   1.650000e+02 0.000000e+00 6.600000e+01
    endloop
  endfacet
  facet normal 6.037850e-02 -0.000000e+00 9.981756e-01
    outer loop
      vertex   1.650000e+02 0.000000e+00 6.600000e+01
      vertex   1.656027e+02 1.500000e+00 6.596354e+01
      vertex   1.650000e+02 1.500000e+00 6.600000e+01
    endloop
  endfacet
  facet normal 1.000000e+00 0.000000e+00 -0.000000e+00
    outer loop
      vertex   1.700000e+02 1.500000e+00 5.000000e+00
      vertex   1.700000e+02 1.500000e+00 6.100000e+01
      vertex   1.700000e+02 0.000000e+00 5.000000e+00
    endloop
  endfacet
  facet normal 1.000000e+00 0.000000e+00 0.000000e+00
    outer loop
      vertex   1.700000e+02 0.000000e+00 5.000000e+00
      vertex   1.700000e+02 1.500000e+00 6.100000e+01
      vertex   1.700000e+02 0.000000e+00 6.100000e+01
    endloop
  endfacet
  facet normal 0.000000e+00 1.000000e+00 0.000000e+00
    outer loop
      vertex   1.670000e+02 1.500000e+00 5.850000e+01
      vertex   1.670000e+02 1.500000e+00 7.500000e+00
      vertex   1.435000e+02 1.500000e+00 5.850000e+01
    endloop
  endfacet
  facet normal 0.000000e+00 1.000000e+00 0.000000e+00
    outer loop
      vertex   1.435000e+02 1.500000e+00 5.850000e+01
      vertex   1.670000e+02 1.500000e+00 7.500000e+00
      vertex   1.435000e+02 1.500000e+00 7.500000e+00
    endloop
  endfacet
  facet normal 0.000000e+00 1.000000e+00 0.000000e+00
    outer loop
      vertex   1.435000e+02 1.500000e+00 5.850000e+01
      vertex   1.435000e+02 1.500000e+00 7.500000e+00
      vertex   2.650000e+01 1.500000e+00 5.850000e+01
    endloop
  endfacet
  facet normal 0.000000e+00 1.000000e+00 0.000000e+00
    outer loop
      vertex   2.650000e+01 1.500000e+00 5.850000e+01
      vertex   1.435000e+02 1.500000e+00 7.500000e+00
      vertex   2.650000e+01 1.500000e+00 7.500000e+00
    endloop
  endfacet
  facet normal 0.000000e+00 1.000000e+00 0.000000e+00
    outer loop
      vertex   2.650000e+01 1.500000e+00 5.850000e+01
      vertex   2.650000e+01 1.500000e+00 7.500000e+00
      vertex   3.000000e+00 1.500000e+00 5.850000e+01
    endloop
  endfacet
  facet normal 0.000000e+00 1.000000e+00 0.000000e+00
    outer loop
      vertex   3.000000e+00 1.500000e+00 5.850000e+01
      vertex   2.650000e+01 1.500000e+00 7.500000e+00
      vertex   3.000000e+00 1.500000e+00 7.500000e+00
    endloop
  endfacet
  facet normal 0.000000e+00 1.000000e+00 0.000000e+00
    outer loop
      vertex   1.435000e+02 1.500000e+00 7.500000e+00
      vertex   1.435000e+02 1.500000e+00 3.000000e+00
      vertex   2.650000e+01 1.500000e+00 7.500000e+00
    endloop
  endfacet
  facet normal 0.000000e+00 1.000000e+00 0.000000e+00
    outer loop
      vertex   2.650000e+01 1.500000e+00 7.500000e+00
      vertex   1.435000e+02 1.500000e+00 3.000000e+00
      vertex   2.650000e+01 1.500000e+00 3.000000e+00
    endloop
  endfacet
  facet normal 0.000000e+00 1.000000e+00 0.000000e+00
    outer loop
      vertex   2.650000e+01 1.500000e+00 5.850000e+01
      vertex   2.650000e+01 1.500000e+00 6.300000e+01
      vertex   1.435000e+02 1.500000e+00 5.850000e+01
    endloop
  endfacet
  facet normal 0.000000e+00 1.000000e+00 -0.000000e+00
    outer loop
      vertex   1.435000e+02 1.500000e+00 5.850000e+01
      vertex   2.650000e+01 1.500000e+00 6.300000e+01
      vertex   1.435000e+02 1.500000e+00 6.300000e+01
    endloop
  endfacet
endsolid
